0,0
0.01,0.00022
0.02,0.00023
0.03,0.00023
0.04,0.00023
0.05,0.00024
0.06,0.00024
0.07,0.00025
0.08,0.00025
0.09,0.00026
0.1,0.00026
0.11,0.00026
0.12,0.00027
0.13,0.00027
0.14,0.00028
0.15,0.00028
0.16,0.00029
0.17,0.00029
0.18,0.00029
0.19,0.0003
0.2,0.0003
0.21,0.00031
0.22,0.00031
0.23,0.00032
0.24,0.00032
0.25,0.00033
0.26,0.00033
0.27,0.00034
0.28,0.00034
0.29,0.00035
0.3,0.00035
0.31,0.00036
0.32,0.00036
0.33,0.00036
0.34,0.00037
0.35,0.00037
0.36,0.00037
0.37,0.00037
0.38,0.00038
0.39,0.00038
0.4,0.00038
0.41,0.00038
0.42,0.00039
0.43,0.0004
0.44,0.00041
0.45,0.00042
0.46,0.00042
0.47,0.00043
0.48,0.00043
0.49,0.00044
0.5,0.00044
0.51,0.00045
0.52,0.00045
0.53,0.00045
0.54,0.00043
0.55,0.00042
0.56,0.00041
0.57,0.00042
0.58,0.00042
0.59,0.00044
0.6,0.00044
0.61,0.00043
0.62,0.00044
0.63,0.00048
0.64,0.00054
0.65,0.00059
0.66,0.00062
0.67,0.0006
0.68,0.00055
0.69,0.00051
0.7,0.00046
0.71,0.00041
0.72,0.00039
0.73,0.00042
0.74,0.00044
0.75,0.00043
0.76,0.00043
0.77,0.00049
0.78,0.00056
0.79,0.00065
0.8,0.00071
0.81,0.00073
0.82,0.00067
0.83,0.0006
0.84,0.00056
0.85,0.00056
0.86,0.00058
0.87,0.00055
0.88,0.00042
0.89,0.00028
0.9,0.00028
0.91,0.00044
0.92,0.0006
0.93,0.00065
0.94,0.00063
0.95,0.0006
0.96,0.00062
0.97,0.00074
0.98,0.00086
0.99,0.00086
1,0.00074
1.01,0.0005
1.02,0.00025
1.03,0.0001
1.04,0.00003
1.05,0.00009
1.06,0.0003
1.07,0.00055
1.08,0.00077
1.09,0.00108
1.1,0.00128
1.11,0.00131
1.12,0.00135
1.13,0.00143
1.14,0.00151
1.15,0.00154
1.16,0.00155
1.17,0.00157
1.18,0.0016
1.19,0.00164
1.2,0.00167
1.21,0.0017
1.22,0.00173
1.23,0.00176
1.24,0.00159
1.25,0.00104
1.26,0.00018
1.27,-0.00054
1.28,-0.00083
1.29,-0.00091
1.3,-0.00117
1.31,-0.00174
1.32,-0.00238
1.33,-0.00252
1.34,-0.00186
1.35,-0.00061
1.36,0.0007
1.37,0.0019
1.38,0.00295
1.39,0.00379
1.4,0.00421
1.41,0.00393
1.42,0.00306
1.43,0.00175
1.44,0.00019
1.45,-0.00145
1.46,-0.00326
1.47,-0.00496
1.48,-0.0062
1.49,-0.0069
1.5,-0.00691
1.51,-0.0065
1.52,-0.00596
1.53,-0.00539
1.54,-0.00479
1.55,-0.00427
1.56,-0.00359
1.57,-0.00254
1.58,-0.00103
1.59,0.00066
1.6,0.00188
1.61,0.00216
1.62,0.00246
1.63,0.00302
1.64,0.0035
1.65,0.00398
1.66,0.00474
1.67,0.00582
1.68,0.00669
1.69,0.00704
1.7,0.00704
1.71,0.00702
1.72,0.00688
1.73,0.00668
1.74,0.0055
1.75,0.00263
1.76,-0.00079
1.77,-0.00308
1.78,-0.00369
1.79,-0.0033
1.8,-0.00201
1.81,-0.00007
1.82,0.00173
1.83,0.00226
1.84,0.00105
1.85,-0.0011
1.86,-0.00209
1.87,-0.00111
1.88,0.00056
1.89,0.0016
1.9,0.00134
1.91,0.00007
1.92,-0.00088
1.93,-0.00065
1.94,0.00019
1.95,0.00133
1.96,0.00269
1.97,0.0042
1.98,0.00521
1.99,0.00576
2,0.00596
2.01,0.0057
2.02,0.00474
2.03,0.00319
2.04,0.00111
2.05,-0.00141
2.06,-0.00387
2.07,-0.00531
2.08,-0.00559
2.09,-0.0055
2.1,-0.00691
2.11,-0.00914
2.12,-0.00865
2.13,-0.00475
2.14,0.00013
2.15,0.0039
2.16,0.00583
2.17,0.00563
2.18,0.0039
2.19,0.00163
2.2,-0.00049
2.21,-0.00288
2.22,-0.00586
2.23,-0.00945
2.24,-0.01429
2.25,-0.02028
2.26,-0.02452
2.27,-0.0239
2.28,-0.01938
2.29,-0.01352
2.3,-0.00846
2.31,-0.00446
2.32,0.00025
2.33,0.00646
2.34,0.01172
2.35,0.01289
2.36,0.01047
2.37,0.00759
2.38,0.00655
2.39,0.007
2.4,0.0072
2.41,0.0054
2.42,0.00209
2.43,-0.00082
2.44,-0.00149
2.45,-0.00026
2.46,0.00197
2.47,0.00275
2.48,0.00057
2.49,-0.00303
2.5,-0.00548
2.51,-0.00514
2.52,-0.00177
2.53,0.00319
2.54,0.00692
2.55,0.00668
2.56,0.00248
2.57,-0.00309
2.58,-0.00795
2.59,-0.01195
2.6,-0.01514
2.61,-0.01681
2.62,-0.01566
2.63,-0.01097
2.64,-0.00457
2.65,-0.00004
2.66,0.001
2.67,-0.00096
2.68,-0.00351
2.69,-0.00513
2.7,-0.00709
2.71,-0.00897
2.72,-0.00835
2.73,-0.00592
2.74,-0.00414
2.75,-0.00345
2.76,-0.00223
2.77,-0.00075
2.78,-0.00028
2.79,-0.00193
2.8,-0.00411
2.81,-0.00507
2.82,-0.00383
2.83,-0.00034
2.84,0.00444
2.85,0.01086
2.86,0.01889
2.87,0.0264
2.88,0.03109
2.89,0.03209
2.9,0.02882
2.91,0.02173
2.92,0.01267
2.93,0.00331
2.94,-0.00551
2.95,-0.01194
2.96,-0.0143
2.97,-0.01248
2.98,-0.00769
2.99,-0.0017
3,0.00432
3.01,0.00897
3.02,0.01258
3.03,0.01503
3.04,0.01613
3.05,0.01694
3.06,0.01768
3.07,0.01809
3.08,0.01755
3.09,0.01424
3.1,0.00775
3.11,0.00029
3.12,-0.00461
3.13,-0.00677
3.14,-0.00796
3.15,-0.00846
3.16,-0.00725
3.17,-0.00539
3.18,-0.00398
3.19,-0.00229
3.2,-0.00038
3.21,0.00108
3.22,0.00239
3.23,0.00524
3.24,0.00727
3.25,0.00656
3.26,0.00478
3.27,0.00474
3.28,0.00693
3.29,0.009
3.3,0.00926
3.31,0.00626
3.32,0.00062
3.33,-0.00682
3.34,-0.01427
3.35,-0.01947
3.36,-0.02127
3.37,-0.01822
3.38,-0.01133
3.39,-0.00301
3.4,0.00533
3.41,0.01177
3.42,0.01577
3.43,0.0169
3.44,0.01537
3.45,0.01279
3.46,0.01097
3.47,0.01251
3.48,0.01831
3.49,0.02574
3.5,0.03108
3.51,0.03176
3.52,0.0267
3.53,0.01776
3.54,0.0079
3.55,-0.00026
3.56,-0.00453
3.57,-0.00534
3.58,-0.0054
3.59,-0.00712
3.6,-0.01029
3.61,-0.01113
3.62,-0.00616
3.63,0.00264
3.64,0.01034
3.65,0.01328
3.66,0.01073
3.67,0.00485
3.68,0.00012
3.69,-0.00128
3.7,-0.00046
3.71,0.00159
3.72,0.0036
3.73,0.00376
3.74,-0.00029
3.75,-0.00842
3.76,-0.01767
3.77,-0.02509
3.78,-0.02938
3.79,-0.03067
3.8,-0.02928
3.81,-0.02566
3.82,-0.02094
3.83,-0.01613
3.84,-0.0111
3.85,-0.00599
3.86,-0.00041
3.87,0.00511
3.88,0.01009
3.89,0.01449
3.9,0.01718
3.91,0.0166
3.92,0.01357
3.93,0.01013
3.94,0.00939
3.95,0.01316
3.96,0.01997
3.97,0.02732
3.98,0.03079
3.99,0.02714
4,0.01807
4.01,0.00762
4.02,-0.00164
4.03,-0.00759
4.04,-0.00815
4.05,-0.00445
4.06,0.00009
4.07,0.00428
4.08,0.00885
4.09,0.01202
4.1,0.0097
4.11,0.00423
4.12,0.00166
4.13,0.00266
4.14,0.00514
4.15,0.00758
4.16,0.00822
4.17,0.00386
4.18,-0.00524
4.19,-0.01582
4.2,-0.02434
4.21,-0.02795
4.22,-0.02535
4.23,-0.01887
4.24,-0.01398
4.25,-0.01379
4.26,-0.01678
4.27,-0.01823
4.28,-0.0159
4.29,-0.01219
4.3,-0.01006
4.31,-0.01167
4.32,-0.01682
4.33,-0.022
4.34,-0.0242
4.35,-0.02383
4.36,-0.02161
4.37,-0.01876
4.38,-0.01767
4.39,-0.01774
4.4,-0.0166
4.41,-0.01365
4.42,-0.01104
4.43,-0.01152
4.44,-0.01518
4.45,-0.01864
4.46,-0.01692
4.47,-0.00863
4.48,0.00422
4.49,0.01856
4.5,0.03074
4.51,0.03862
4.52,0.04269
4.53,0.04453
4.54,0.04514
4.55,0.04506
4.56,0.04337
4.57,0.03782
4.58,0.02834
4.59,0.01754
4.6,0.00579
4.61,-0.0062
4.62,-0.01484
4.63,-0.02023
4.64,-0.02349
4.65,-0.02549
4.66,-0.02703
4.67,-0.02777
4.68,-0.02654
4.69,-0.0244
4.7,-0.02314
4.71,-0.0231
4.72,-0.02276
4.73,-0.02101
4.74,-0.02018
4.75,-0.02295
4.76,-0.02694
4.77,-0.02878
4.78,-0.02686
4.79,-0.02126
4.8,-0.01298
4.81,-0.00278
4.82,0.0076
4.83,0.01591
4.84,0.02086
4.85,0.02208
4.86,0.02022
4.87,0.01792
4.88,0.01702
4.89,0.01731
4.9,0.01772
4.91,0.01685
4.92,0.01462
4.93,0.0117
4.94,0.00767
4.95,0.00439
4.96,0.0023
4.97,-0.00034
4.98,-0.0044
4.99,-0.00877
5,-0.01142
5.01,-0.01123
5.02,-0.00893
5.03,-0.0063
5.04,-0.00608
5.05,-0.00929
5.06,-0.01334
5.07,-0.01422
5.08,-0.01082
5.09,-0.0054
5.1,-0.00124
5.11,0.00144
5.12,0.00513
5.13,0.0108
5.14,0.01596
5.15,0.01713
5.16,0.01442
5.17,0.01039
5.18,0.00802
5.19,0.00943
5.2,0.01383
5.21,0.01717
5.22,0.01666
5.23,0.01331
5.24,0.00902
5.25,0.00523
5.26,0.00285
5.27,0.0003
5.28,-0.00473
5.29,-0.0118
5.3,-0.01955
5.31,-0.02728
5.32,-0.03325
5.33,-0.03633
5.34,-0.03688
5.35,-0.03522
5.36,-0.03342
5.37,-0.03277
5.38,-0.03276
5.39,-0.03026
5.4,-0.02409
5.41,-0.01549
5.42,-0.00753
5.43,-0.00267
5.44,-0.0026
5.45,-0.00694
5.46,-0.01327
5.47,-0.01829
5.48,-0.01904
5.49,-0.01606
5.5,-0.01095
5.51,-0.0059
5.52,-0.00104
5.53,0.00213
5.54,0.00179
5.55,-0.0013
5.56,-0.00395
5.57,-0.00229
5.58,0.00249
5.59,0.00819
5.6,0.01189
5.61,0.01425
5.62,0.0176
5.63,0.02118
5.64,0.0227
5.65,0.01971
5.66,0.01179
5.67,0.00024
5.68,-0.01065
5.69,-0.01824
5.7,-0.02284
5.71,-0.02717
5.72,-0.03026
5.73,-0.02972
5.74,-0.02898
5.75,-0.02969
5.76,-0.03074
5.77,-0.03051
5.78,-0.02669
5.79,-0.01887
5.8,-0.00995
5.81,-0.00342
5.82,-0.00074
5.83,0.0005
5.84,0.0034
5.85,0.0087
5.86,0.01636
5.87,0.02564
5.88,0.03397
5.89,0.03928
5.9,0.04121
5.91,0.03997
5.92,0.03809
5.93,0.0374
5.94,0.03773
5.95,0.03646
5.96,0.03087
5.97,0.02136
5.98,0.01003
5.99,-0.0005
6,-0.00881
6.01,-0.01439
6.02,-0.01673
6.03,-0.01686
6.04,-0.01639
6.05,-0.01625
6.06,-0.01643
6.07,-0.01657
6.08,-0.01562
6.09,-0.0131
6.1,-0.01278
6.11,-0.01464
6.12,-0.01454
6.13,-0.01251
6.14,-0.01192
6.15,-0.01493
6.16,-0.0207
6.17,-0.02523
6.18,-0.02619
6.19,-0.02294
6.2,-0.01794
6.21,-0.01281
6.22,-0.00751
6.23,-0.00193
6.24,0.00185
6.25,0.00315
6.26,0.00451
6.27,0.00787
6.28,0.01279
6.29,0.01762
6.3,0.02034
6.31,0.02075
6.32,0.02022
6.33,0.02048
6.34,0.02304
6.35,0.02626
6.36,0.02886
6.37,0.03093
6.38,0.03327
6.39,0.03618
6.4,0.03838
6.41,0.03907
6.42,0.03833
6.43,0.03521
6.44,0.03116
6.45,0.02887
6.46,0.02919
6.47,0.03264
6.48,0.03691
6.49,0.03913
6.5,0.03867
6.51,0.03517
6.52,0.03087
6.53,0.02794
6.54,0.02614
6.55,0.02338
6.56,0.02012
6.57,0.01651
6.58,0.01235
6.59,0.00706
6.6,0.00095
6.61,-0.00457
6.62,-0.00513
6.63,0.00031
6.64,0.00819
6.65,0.01585
6.66,0.02306
6.67,0.02808
6.68,0.02986
6.69,0.02944
6.7,0.02802
6.71,0.02648
6.72,0.02565
6.73,0.0266
6.74,0.02571
6.75,0.01935
6.76,0.00905
6.77,-0.00099
6.78,-0.00876
6.79,-0.01419
6.8,-0.01682
6.81,-0.01711
6.82,-0.01467
6.83,-0.0096
6.84,-0.00335
6.85,0.00099
6.86,0.00138
6.87,-0.0025
6.88,-0.00695
6.89,-0.0101
6.9,-0.01352
6.91,-0.01758
6.92,-0.02282
6.93,-0.02899
6.94,-0.03475
6.95,-0.04013
6.96,-0.04509
6.97,-0.0484
6.98,-0.04932
6.99,-0.04768
7,-0.04523
7.01,-0.04271
7.02,-0.03871
7.03,-0.03261
7.04,-0.02439
7.05,-0.01458
7.06,-0.00469
7.07,0.00317
7.08,0.0061
7.09,0.00281
7.1,-0.00628
7.11,-0.01804
7.12,-0.02764
7.13,-0.03517
7.14,-0.04239
7.15,-0.05037
7.16,-0.05926
7.17,-0.06755
7.18,-0.0723
7.19,-0.07164
7.2,-0.06659
7.21,-0.06027
7.22,-0.0553
7.23,-0.05387
7.24,-0.05726
7.25,-0.06247
7.26,-0.06511
7.27,-0.06271
7.28,-0.05542
7.29,-0.04524
7.3,-0.03353
7.31,-0.021
7.32,-0.00811
7.33,0.00604
7.34,0.0209
7.35,0.03349
7.36,0.04228
7.37,0.04493
7.38,0.04159
7.39,0.03533
7.4,0.02826
7.41,0.02157
7.42,0.01526
7.43,0.00826
7.44,-0.00017
7.45,-0.00874
7.46,-0.01596
7.47,-0.02206
7.48,-0.02845
7.49,-0.03402
7.5,-0.03648
7.51,-0.03399
7.52,-0.02732
7.53,-0.0185
7.54,-0.01109
7.55,-0.00917
7.56,-0.01452
7.57,-0.02511
7.58,-0.03727
7.59,-0.04798
7.6,-0.05614
7.61,-0.06135
7.62,-0.06106
7.63,-0.05717
7.64,-0.05413
7.65,-0.05357
7.66,-0.05259
7.67,-0.0465
7.68,-0.03407
7.69,-0.01696
7.7,0.00177
7.71,0.01891
7.72,0.02917
7.73,0.03057
7.74,0.02188
7.75,0.00027
7.76,-0.03137
7.77,-0.06598
7.78,-0.09717
7.79,-0.12253
7.8,-0.14171
7.81,-0.15483
7.82,-0.16229
7.83,-0.1647
7.84,-0.16437
7.85,-0.16369
7.86,-0.16358
7.87,-0.16381
7.88,-0.16388
7.89,-0.16195
7.9,-0.1551
7.91,-0.13936
7.92,-0.11426
7.93,-0.08246
7.94,-0.0476
7.95,-0.01179
7.96,0.02384
7.97,0.05684
7.98,0.0858
7.99,0.10873
8,0.1226
8.01,0.12516
8.02,0.12036
8.03,0.11592
8.04,0.11752
8.05,0.12795
8.06,0.14543
8.07,0.16569
8.08,0.18389
8.09,0.19775
8.1,0.20571
8.11,0.20814
8.12,0.20678
8.13,0.19944
8.14,0.18514
8.15,0.1663
8.16,0.14457
8.17,0.12022
8.18,0.09183
8.19,0.05833
8.2,0.01898
8.21,-0.02578
8.22,-0.07114
8.23,-0.10828
8.24,-0.13031
8.25,-0.134
8.26,-0.12057
8.27,-0.09235
8.28,-0.05245
8.29,-0.00469
8.3,0.04729
8.31,0.09841
8.32,0.1428
8.33,0.17632
8.34,0.19614
8.35,0.2048
8.36,0.20903
8.37,0.21341
8.38,0.21803
8.39,0.21962
8.4,0.21624
8.41,0.20808
8.42,0.19697
8.43,0.18537
8.44,0.17475
8.45,0.16518
8.46,0.15566
8.47,0.1449
8.48,0.13155
8.49,0.11632
8.5,0.09961
8.51,0.08208
8.52,0.06604
8.53,0.05297
8.54,0.04477
8.55,0.04269
8.56,0.04683
8.57,0.0545
8.58,0.06109
8.59,0.06097
8.6,0.05219
8.61,0.04005
8.62,0.03016
8.63,0.0244
8.64,0.02238
8.65,0.02168
8.66,0.0215
8.67,0.02254
8.68,0.02735
8.69,0.03836
8.7,0.05779
8.71,0.08387
8.72,0.11355
8.73,0.14179
8.74,0.16077
8.75,0.1655
8.76,0.15678
8.77,0.1389
8.78,0.11602
8.79,0.09309
8.8,0.07288
8.81,0.05712
8.82,0.04806
8.83,0.04613
8.84,0.0491
8.85,0.05461
8.86,0.06154
8.87,0.06773
8.88,0.06988
8.89,0.0618
8.9,0.04098
8.91,0.00942
8.92,-0.03048
8.93,-0.07405
8.94,-0.11349
8.95,-0.14181
8.96,-0.15618
8.97,-0.15997
8.98,-0.15709
8.99,-0.1496
9,-0.1424
9.01,-0.14094
9.02,-0.14758
9.03,-0.16014
9.04,-0.1754
9.05,-0.19168
9.06,-0.20647
9.07,-0.21829
9.08,-0.23075
9.09,-0.24778
9.1,-0.27056
9.11,-0.29612
9.12,-0.32017
9.13,-0.34013
9.14,-0.35623
9.15,-0.36994
9.16,-0.38126
9.17,-0.39109
9.18,-0.40048
9.19,-0.40958
9.2,-0.41736
9.21,-0.42246
9.22,-0.4215
9.23,-0.41334
9.24,-0.40056
9.25,-0.38413
9.26,-0.35935
9.27,-0.3201
9.28,-0.26227
9.29,-0.18968
9.3,-0.11527
9.31,-0.05299
9.32,-0.00975
9.33,0.01732
9.34,0.03179
9.35,0.0381
9.36,0.0407
9.37,0.04258
9.38,0.0455
9.39,0.04898
9.4,0.05453
9.41,0.0648
9.42,0.08191
9.43,0.10634
9.44,0.13782
9.45,0.17415
9.46,0.21003
9.47,0.24031
9.48,0.26209
9.49,0.27499
9.5,0.27971
9.51,0.27923
9.52,0.2777
9.53,0.27804
9.54,0.27829
9.55,0.27362
9.56,0.26218
9.57,0.24659
9.58,0.23357
9.59,0.23076
9.6,0.23826
9.61,0.25264
9.62,0.2713
9.63,0.2923
9.64,0.31702
9.65,0.34726
9.66,0.38001
9.67,0.40782
9.68,0.42821
9.69,0.44486
9.7,0.46206
9.71,0.47474
9.72,0.46864
9.73,0.43322
9.74,0.36963
9.75,0.29274
9.76,0.22046
9.77,0.16255
9.78,0.12015
9.79,0.0928
9.8,0.08267
9.81,0.09256
9.82,0.12033
9.83,0.15594
9.84,0.18266
9.85,0.18647
9.86,0.16097
9.87,0.10574
9.88,0.02858
9.89,-0.05488
9.9,-0.12593
9.91,-0.17118
9.92,-0.1873
9.93,-0.18199
9.94,-0.16954
9.95,-0.1665
9.96,-0.18241
9.97,-0.21678
9.98,-0.25829
9.99,-0.29266
10,-0.30927
10.01,-0.30635
10.02,-0.291
10.03,-0.27566
10.04,-0.26893
10.05,-0.2718
10.06,-0.278
10.07,-0.27634
10.08,-0.25422
10.09,-0.20171
10.1,-0.11927
10.11,-0.01774
10.12,0.08259
10.13,0.1578
10.14,0.19101
10.15,0.17979
10.16,0.13274
10.17,0.06571
10.18,-0.00442
10.19,-0.06571
10.2,-0.11089
10.21,-0.1378
10.22,-0.14626
10.23,-0.13867
10.24,-0.12222
10.25,-0.10115
10.26,-0.07734
10.27,-0.05454
10.28,-0.03701
10.29,-0.0298
10.3,-0.03338
10.31,-0.04704
10.32,-0.06597
10.33,-0.08667
10.34,-0.1064
10.35,-0.12194
10.36,-0.13197
10.37,-0.13684
10.38,-0.13618
10.39,-0.13105
10.4,-0.12427
10.41,-0.11741
10.42,-0.11279
10.43,-0.11322
10.44,-0.1214
10.45,-0.13655
10.46,-0.15503
10.47,-0.17386
10.48,-0.19132
10.49,-0.20526
10.5,-0.21458
10.51,-0.2199
10.52,-0.22302
10.53,-0.22633
10.54,-0.23073
10.55,-0.23544
10.56,-0.24011
10.57,-0.24477
10.58,-0.24963
10.59,-0.25335
10.6,-0.25475
10.61,-0.2509
10.62,-0.23818
10.63,-0.21708
10.64,-0.19261
10.65,-0.16822
10.66,-0.14415
10.67,-0.11935
10.68,-0.09447
10.69,-0.07078
10.7,-0.04653
10.71,-0.01718
10.72,0.02192
10.73,0.07319
10.74,0.13242
10.75,0.19155
10.76,0.24612
10.77,0.2932
10.78,0.32738
10.79,0.34453
10.8,0.34486
10.81,0.33244
10.82,0.31282
10.83,0.29019
10.84,0.26646
10.85,0.24315
10.86,0.22223
10.87,0.20393
10.88,0.1885
10.89,0.17457
10.9,0.15957
10.91,0.1428
10.92,0.12821
10.93,0.12017
10.94,0.11979
10.95,0.12722
10.96,0.14035
10.97,0.15479
10.98,0.16615
10.99,0.1731
11,0.17699
11.01,0.18177
11.02,0.18796
11.03,0.19354
11.04,0.19739
11.05,0.19731
11.06,0.19117
11.07,0.18029
11.08,0.16618
11.09,0.14989
11.1,0.13201
11.11,0.11522
11.12,0.10254
11.13,0.08892
11.14,0.06859
11.15,0.0455
11.16,0.02317
11.17,-0.00087
11.18,-0.02801
11.19,-0.05663
11.2,-0.08408
11.21,-0.10797
11.22,-0.12863
11.23,-0.14672
11.24,-0.16494
11.25,-0.18587
11.26,-0.20853
11.27,-0.229
11.28,-0.24636
11.29,-0.26061
11.3,-0.27269
11.31,-0.28305
11.32,-0.29171
11.33,-0.29741
11.34,-0.30148
11.35,-0.30442
11.36,-0.30595
11.37,-0.30606
11.38,-0.30616
11.39,-0.30915
11.4,-0.31544
11.41,-0.32308
11.42,-0.32653
11.43,-0.3216
11.44,-0.3086
11.45,-0.28857
11.46,-0.26109
11.47,-0.22764
11.48,-0.19256
11.49,-0.15892
11.5,-0.12867
11.51,-0.10271
11.52,-0.08205
11.53,-0.06625
11.54,-0.0551
11.55,-0.04598
11.56,-0.03539
11.57,-0.02248
11.58,-0.00739
11.59,0.01184
11.6,0.03273
11.61,0.05379
11.62,0.07558
11.63,0.09621
11.64,0.11293
11.65,0.12393
11.66,0.12952
11.67,0.13102
11.68,0.1317
11.69,0.13507
11.7,0.1427
11.71,0.15481
11.72,0.17
11.73,0.18664
11.74,0.2001
11.75,0.2086
11.76,0.21332
11.77,0.21368
11.78,0.20841
11.79,0.19767
11.8,0.18052
11.81,0.15721
11.82,0.1277
11.83,0.09389
11.84,0.05989
11.85,0.03102
11.86,0.01291
11.87,0.00774
11.88,0.01172
11.89,0.0195
11.9,0.02614
11.91,0.02775
11.92,0.02325
11.93,0.01205
11.94,-0.0047
11.95,-0.02358
11.96,-0.03948
11.97,-0.049
11.98,-0.05218
11.99,-0.05166
12,-0.04851
12.01,-0.04566
12.02,-0.04552
12.03,-0.0494
12.04,-0.05466
12.05,-0.0577
12.06,-0.05665
12.07,-0.04868
12.08,-0.02925
12.09,0.00342
12.1,0.04435
12.11,0.08697
12.12,0.12638
12.13,0.15611
12.14,0.17248
12.15,0.17624
12.16,0.17066
12.17,0.15954
12.18,0.1443
12.19,0.12582
12.2,0.10477
12.21,0.08294
12.22,0.06387
12.23,0.04828
12.24,0.03036
12.25,0.00687
12.26,-0.01974
12.27,-0.04428
12.28,-0.064
12.29,-0.07979
12.3,-0.09174
12.31,-0.09839
12.32,-0.09734
12.33,-0.08956
12.34,-0.07925
12.35,-0.06974
12.36,-0.0607
12.37,-0.05078
12.38,-0.0384
12.39,-0.02302
12.4,-0.00627
12.41,0.00787
12.42,0.01626
12.43,0.01752
12.44,0.01268
12.45,0.00517
12.46,-0.00139
12.47,-0.0065
12.48,-0.01109
12.49,-0.01686
12.5,-0.02436
12.51,-0.03358
12.52,-0.04359
12.53,-0.05341
12.54,-0.06443
12.55,-0.07827
12.56,-0.09445
12.57,-0.1115
12.58,-0.12718
12.59,-0.13912
12.6,-0.14613
12.61,-0.14486
12.62,-0.12803
12.63,-0.09201
12.64,-0.0367
12.65,0.03116
12.66,0.09893
12.67,0.15422
12.68,0.19092
12.69,0.2114
12.7,0.21982
12.71,0.21841
12.72,0.21047
12.73,0.19889
12.74,0.18519
12.75,0.17177
12.76,0.16103
12.77,0.15477
12.78,0.15408
12.79,0.15625
12.8,0.15736
12.81,0.15521
12.82,0.1491
12.83,0.13808
12.84,0.12368
12.85,0.11075
12.86,0.10188
12.87,0.09629
12.88,0.0932
12.89,0.09159
12.9,0.09178
12.91,0.09429
12.92,0.0983
12.93,0.10293
12.94,0.10699
12.95,0.11037
12.96,0.11172
12.97,0.11238
12.98,0.11434
12.99,0.11727
13,0.12154
13.01,0.12506
13.02,0.12648
13.03,0.12439
13.04,0.11738
13.05,0.10655
13.06,0.09469
13.07,0.08456
13.08,0.07683
13.09,0.07134
13.1,0.06545
13.11,0.05545
13.12,0.04236
13.13,0.02768
13.14,0.01126
13.15,-0.00748
13.16,-0.02985
13.17,-0.05674
13.18,-0.08764
13.19,-0.11916
13.2,-0.14744
13.21,-0.17293
13.22,-0.19698
13.23,-0.21843
13.24,-0.23818
13.25,-0.25585
13.26,-0.26709
13.27,-0.27001
13.28,-0.26451
13.29,-0.25335
13.3,-0.23877
13.31,-0.22184
13.32,-0.20409
13.33,-0.18862
13.34,-0.1763
13.35,-0.16756
13.36,-0.1592
13.37,-0.14712
13.38,-0.12906
13.39,-0.10616
13.4,-0.08174
13.41,-0.05698
13.42,-0.03251
13.43,-0.01131
13.44,0.00505
13.45,0.01941
13.46,0.03383
13.47,0.04738
13.48,0.05992
13.49,0.07164
13.5,0.07997
13.51,0.08313
13.52,0.08093
13.53,0.07489
13.54,0.06909
13.55,0.06703
13.56,0.06812
13.57,0.07026
13.58,0.07392
13.59,0.07995
13.6,0.08559
13.61,0.08848
13.62,0.0908
13.63,0.09395
13.64,0.09668
13.65,0.10042
13.66,0.10649
13.67,0.11483
13.68,0.12466
13.69,0.13525
13.7,0.14742
13.71,0.16189
13.72,0.17902
13.73,0.20135
13.74,0.22574
13.75,0.24834
13.76,0.26779
13.77,0.28202
13.78,0.28961
13.79,0.28943
13.8,0.27981
13.81,0.26074
13.82,0.23085
13.83,0.18798
13.84,0.13286
13.85,0.07339
13.86,0.0215
13.87,-0.01618
13.88,-0.04083
13.89,-0.05651
13.9,-0.06584
13.91,-0.06957
13.92,-0.06896
13.93,-0.06389
13.94,-0.05368
13.95,-0.03677
13.96,-0.01409
13.97,0.01095
13.98,0.03728
13.99,0.06293
14,0.08549
14.01,0.10489
14.02,0.12191
14.03,0.13592
14.04,0.14525
14.05,0.15186
14.06,0.15773
14.07,0.16091
14.08,0.16023
14.09,0.15508
14.1,0.14435
14.11,0.12892
14.12,0.11183
14.13,0.09406
14.14,0.07349
14.15,0.05213
14.16,0.03384
14.17,0.02068
14.18,0.01273
14.19,0.00857
14.2,0.00492
14.21,-0.00156
14.22,-0.01267
14.23,-0.02587
14.24,-0.04188
14.25,-0.06134
14.26,-0.08177
14.27,-0.10092
14.28,-0.12089
14.29,-0.14431
14.3,-0.17355
14.31,-0.20631
14.32,-0.23851
14.33,-0.26629
14.34,-0.28771
14.35,-0.30509
14.36,-0.32031
14.37,-0.33475
14.38,-0.34904
14.39,-0.3643
14.4,-0.38041
14.41,-0.39602
14.42,-0.40999
14.43,-0.42119
14.44,-0.42851
14.45,-0.43004
14.46,-0.42705
14.47,-0.42341
14.48,-0.4226
14.49,-0.42231
14.5,-0.41587
14.51,-0.39886
14.52,-0.37444
14.53,-0.35123
14.54,-0.33912
14.55,-0.34113
14.56,-0.35165
14.57,-0.36186
14.58,-0.36857
14.59,-0.37545
14.6,-0.38629
14.61,-0.39565
14.62,-0.39414
14.63,-0.38238
14.64,-0.36994
14.65,-0.35862
14.66,-0.33475
14.67,-0.28182
14.68,-0.19818
14.69,-0.1021
14.7,-0.01959
14.71,0.03713
14.72,0.07167
14.73,0.09609
14.74,0.11968
14.75,0.14558
14.76,0.17604
14.77,0.20863
14.78,0.23766
14.79,0.2578
14.8,0.2652
14.81,0.25977
14.82,0.2454
14.83,0.23076
14.84,0.22413
14.85,0.23003
14.86,0.24896
14.87,0.27578
14.88,0.30396
14.89,0.33129
14.9,0.35553
14.91,0.37546
14.92,0.39025
14.93,0.39796
14.94,0.39717
14.95,0.38703
14.96,0.36517
14.97,0.33067
14.98,0.28681
14.99,0.23727
15,0.18331
15.01,0.1262
15.02,0.06911
15.03,0.01431
15.04,-0.03663
15.05,-0.08346
15.06,-0.12589
15.07,-0.16125
15.08,-0.18612
15.09,-0.20075
15.1,-0.20692
15.11,-0.20426
15.12,-0.19301
15.13,-0.17644
15.14,-0.15863
15.15,-0.14231
15.16,-0.1272
15.17,-0.11366
15.18,-0.10492
15.19,-0.10093
15.2,-0.0985
15.21,-0.09755
15.22,-0.09761
15.23,-0.09507
15.24,-0.08826
15.25,-0.07763
15.26,-0.06223
15.27,-0.03923
15.28,-0.00894
15.29,0.02597
15.3,0.06293
15.31,0.09873
15.32,0.13134
15.33,0.15906
15.34,0.18
15.35,0.19219
15.36,0.19507
15.37,0.18816
15.38,0.1731
15.39,0.15393
15.4,0.13478
15.41,0.11845
15.42,0.10461
15.43,0.09241
15.44,0.0825
15.45,0.07421
15.46,0.06766
15.47,0.06289
15.48,0.05931
15.49,0.05594
15.5,0.05177
15.51,0.04813
15.52,0.04718
15.53,0.04676
15.54,0.04525
15.55,0.04037
15.56,0.03167
15.57,0.01982
15.58,0.00488
15.59,-0.01252
15.6,-0.03219
15.61,-0.05294
15.62,-0.0706
15.63,-0.0842
15.64,-0.09559
15.65,-0.10436
15.66,-0.10927
15.67,-0.10974
15.68,-0.10482
15.69,-0.09584
15.7,-0.08676
15.71,-0.07905
15.72,-0.07102
15.73,-0.0635
15.74,-0.05968
15.75,-0.06011
15.76,-0.06023
15.77,-0.05744
15.78,-0.05381
15.79,-0.05083
15.8,-0.0459
15.81,-0.03818
15.82,-0.02807
15.83,-0.01642
15.84,-0.0046
15.85,0.00806
15.86,0.02222
15.87,0.03691
15.88,0.05064
15.89,0.0633
15.9,0.07336
15.91,0.08047
15.92,0.08517
15.93,0.08837
15.94,0.09122
15.95,0.09404
15.96,0.0965
15.97,0.09816
15.98,0.09899
15.99,0.09919
16,0.09895
16.01,0.09831
16.02,0.09711
16.03,0.09541
16.04,0.0952
16.05,0.09757
16.06,0.10165
16.07,0.10578
16.08,0.11047
16.09,0.11628
16.1,0.12147
16.11,0.12571
16.12,0.13289
16.13,0.14369
16.14,0.15577
16.15,0.16738
16.16,0.18129
16.17,0.2001
16.18,0.22051
16.19,0.23726
16.2,0.25058
16.21,0.26161
16.22,0.27083
16.23,0.27841
16.24,0.28032
16.25,0.27412
16.26,0.26185
16.27,0.24559
16.28,0.22529
16.29,0.20029
16.3,0.1706
16.31,0.13928
16.32,0.10986
16.33,0.08502
16.34,0.06487
16.35,0.04697
16.36,0.02994
16.37,0.01468
16.38,0.00286
16.39,-0.00746
16.4,-0.01715
16.41,-0.02691
16.42,-0.03688
16.43,-0.04667
16.44,-0.05606
16.45,-0.06527
16.46,-0.07449
16.47,-0.08254
16.48,-0.08934
16.49,-0.09553
16.5,-0.10164
16.51,-0.10798
16.52,-0.11292
16.53,-0.11733
16.54,-0.1226
16.55,-0.1293
16.56,-0.13716
16.57,-0.14496
16.58,-0.15179
16.59,-0.15793
16.6,-0.16398
16.61,-0.16879
16.62,-0.17088
16.63,-0.16953
16.64,-0.16527
16.65,-0.16033
16.66,-0.15464
16.67,-0.146
16.68,-0.13485
16.69,-0.12296
16.7,-0.11107
16.71,-0.09896
16.72,-0.08443
16.73,-0.06657
16.74,-0.04754
16.75,-0.0314
16.76,-0.01718
16.77,-0.00175
16.78,0.01363
16.79,0.02503
16.8,0.03127
16.81,0.0349
16.82,0.03695
16.83,0.03827
16.84,0.04118
16.85,0.04498
16.86,0.04943
16.87,0.05372
16.88,0.05766
16.89,0.06175
16.9,0.06328
16.91,0.06071
16.92,0.05672
16.93,0.05465
16.94,0.05495
16.95,0.05756
16.96,0.06196
16.97,0.06743
16.98,0.07229
16.99,0.07545
17,0.07836
17.01,0.08124
17.02,0.08308
17.03,0.08351
17.04,0.08321
17.05,0.08296
17.06,0.08283
17.07,0.08038
17.08,0.07274
17.09,0.05852
17.1,0.03787
17.11,0.01062
17.12,-0.02099
17.13,-0.0538
17.14,-0.08551
17.15,-0.11315
17.16,-0.135
17.17,-0.15281
17.18,-0.16747
17.19,-0.17892
17.2,-0.18715
17.21,-0.19111
17.22,-0.19064
17.23,-0.18631
17.24,-0.18221
17.25,-0.18074
17.26,-0.17953
17.27,-0.17522
17.28,-0.16808
17.29,-0.16041
17.3,-0.15253
17.31,-0.14403
17.32,-0.13491
17.33,-0.12558
17.34,-0.11547
17.35,-0.10406
17.36,-0.09165
17.37,-0.07918
17.38,-0.06717
17.39,-0.05582
17.4,-0.04471
17.41,-0.03337
17.42,-0.02214
17.43,-0.01297
17.44,-0.00633
17.45,-0.00138
17.46,0.00293
17.47,0.00848
17.48,0.01522
17.49,0.02148
17.5,0.02664
17.51,0.03156
17.52,0.03601
17.53,0.03834
17.54,0.03823
17.55,0.03496
17.56,0.03062
17.57,0.0284
17.58,0.03035
17.59,0.03629
17.6,0.04374
17.61,0.05215
17.62,0.06351
17.63,0.07562
17.64,0.08534
17.65,0.09205
17.66,0.09737
17.67,0.10234
17.68,0.10761
17.69,0.1111
17.7,0.11195
17.71,0.11126
17.72,0.10979
17.73,0.10671
17.74,0.09939
17.75,0.08819
17.76,0.07643
17.77,0.06496
17.78,0.05317
17.79,0.03982
17.8,0.02613
17.81,0.01363
17.82,0.00331
17.83,-0.00582
17.84,-0.01621
17.85,-0.02858
17.86,-0.04401
17.87,-0.06188
17.88,-0.08058
17.89,-0.09932
17.9,-0.11825
17.91,-0.13553
17.92,-0.14851
17.93,-0.15777
17.94,-0.16549
17.95,-0.17243
17.96,-0.17846
17.97,-0.18321
17.98,-0.18754
17.99,-0.1893
18,-0.18655
18.01,-0.18082
18.02,-0.17276
18.03,-0.16215
18.04,-0.14988
18.05,-0.13776
18.06,-0.1274
18.07,-0.11958
18.08,-0.11334
18.09,-0.10906
18.1,-0.10897
18.11,-0.11316
18.12,-0.1172
18.13,-0.11843
18.14,-0.1177
18.15,-0.11689
18.16,-0.11499
18.17,-0.11085
18.18,-0.10511
18.19,-0.09827
18.2,-0.08999
18.21,-0.07977
18.22,-0.06671
18.23,-0.05054
18.24,-0.0345
18.25,-0.01968
18.26,-0.00404
18.27,0.0136
18.28,0.03248
18.29,0.05136
18.3,0.0697
18.31,0.08743
18.32,0.10301
18.33,0.11678
18.34,0.12928
18.35,0.14134
18.36,0.15225
18.37,0.16244
18.38,0.17293
18.39,0.18222
18.4,0.18972
18.41,0.19622
18.42,0.20128
18.43,0.20543
18.44,0.20961
18.45,0.21296
18.46,0.21582
18.47,0.21903
18.48,0.22073
18.49,0.21814
18.5,0.21325
18.51,0.2076
18.52,0.20188
18.53,0.1961
18.54,0.1894
18.55,0.18137
18.56,0.17277
18.57,0.16334
18.58,0.15359
18.59,0.1423
18.6,0.12731
18.61,0.11093
18.62,0.09765
18.63,0.08669
18.64,0.07537
18.65,0.06221
18.66,0.04862
18.67,0.03642
18.68,0.02768
18.69,0.02174
18.7,0.01641
18.71,0.01232
18.72,0.01067
18.73,0.01086
18.74,0.01103
18.75,0.00822
18.76,0.00418
18.77,0.00303
18.78,0.00499
18.79,0.00871
18.8,0.01136
18.81,0.01196
18.82,0.01204
18.83,0.01216
18.84,0.01192
18.85,0.01153
18.86,0.01129
18.87,0.01127
18.88,0.00982
18.89,0.00595
18.9,0.0023
18.91,-0.00105
18.92,-0.00494
18.93,-0.01066
18.94,-0.01877
18.95,-0.02821
18.96,-0.03771
18.97,-0.04739
18.98,-0.05802
18.99,-0.06937
19,-0.08241
19.01,-0.09599
19.02,-0.11013
19.03,-0.12378
19.04,-0.13777
19.05,-0.15189
19.06,-0.16521
19.07,-0.17736
19.08,-0.18817
19.09,-0.19716
19.1,-0.20405
19.11,-0.20784
19.12,-0.20808
19.13,-0.2051
19.14,-0.20071
19.15,-0.19549
19.16,-0.19089
19.17,-0.18694
19.18,-0.18305
19.19,-0.18061
19.2,-0.18014
19.21,-0.18063
19.22,-0.17942
19.23,-0.17574
19.24,-0.17507
19.25,-0.17807
19.26,-0.18103
19.27,-0.1802
19.28,-0.17541
19.29,-0.17026
19.3,-0.16572
19.31,-0.16186
19.32,-0.15726
19.33,-0.15143
19.34,-0.14451
19.35,-0.13756
19.36,-0.13072
19.37,-0.12293
19.38,-0.11428
19.39,-0.10651
19.4,-0.0989
19.41,-0.09039
19.42,-0.081
19.43,-0.07212
19.44,-0.06459
19.45,-0.05734
19.46,-0.04908
19.47,-0.03972
19.48,-0.02946
19.49,-0.01848
19.5,-0.00777
19.51,0.00195
19.52,0.01146
19.53,0.02236
19.54,0.03345
19.55,0.04346
19.56,0.0537
19.57,0.06479
19.58,0.07591
19.59,0.08537
19.6,0.09242
19.61,0.09897
19.62,0.10642
19.63,0.11383
19.64,0.1196
19.65,0.12402
19.66,0.12873
19.67,0.13461
19.68,0.14111
19.69,0.14703
19.7,0.15236
19.71,0.15646
19.72,0.15829
19.73,0.15821
19.74,0.15549
19.75,0.14962
19.76,0.14276
19.77,0.13713
19.78,0.13296
19.79,0.13303
19.8,0.13681
19.81,0.14232
19.82,0.14822
19.83,0.15572
19.84,0.16435
19.85,0.17324
19.86,0.18114
19.87,0.1867
19.88,0.19119
19.89,0.19385
19.9,0.19272
19.91,0.18725
19.92,0.17852
19.93,0.16734
19.94,0.15475
19.95,0.14092
19.96,0.12714
19.97,0.1128
19.98,0.09849
19.99,0.08288
20,0.06594
20.01,0.04934
20.02,0.03449
20.03,0.02126
20.04,0.00947
20.05,-0.0014
20.06,-0.01224
20.07,-0.02232
20.08,-0.03171
20.09,-0.04149
20.1,-0.05257
20.11,-0.06371
20.12,-0.07083
20.13,-0.07327
20.14,-0.0728
20.15,-0.07077
20.16,-0.0661
20.17,-0.05823
20.18,-0.04733
20.19,-0.03504
20.2,-0.02262
20.21,-0.01155
20.22,-0.00075
20.23,0.01075
20.24,0.0193
20.25,0.0237
20.26,0.02669
20.27,0.0284
20.28,0.0266
20.29,0.02251
20.3,0.01769
20.31,0.01285
20.32,0.00783
20.33,0.00314
20.34,-0.00159
20.35,-0.00576
20.36,-0.00992
20.37,-0.01171
20.38,-0.00989
20.39,-0.00726
20.4,-0.00456
20.41,-0.0011
20.42,0.00157
20.43,0.00237
20.44,0.00203
20.45,0.0033
20.46,0.00727
20.47,0.01091
20.48,0.01339
20.49,0.01617
20.5,0.01885
20.51,0.02024
20.52,0.02028
20.53,0.02002
20.54,0.02182
20.55,0.02584
20.56,0.02918
20.57,0.03255
20.58,0.03611
20.59,0.03944
20.6,0.04231
20.61,0.04615
20.62,0.05147
20.63,0.05684
20.64,0.06165
20.65,0.06469
20.66,0.06804
20.67,0.07172
20.68,0.07584
20.69,0.0808
20.7,0.08683
20.71,0.0938
20.72,0.10061
20.73,0.10805
20.74,0.11383
20.75,0.11379
20.76,0.11042
20.77,0.1081
20.78,0.10691
20.79,0.10381
20.8,0.09776
20.81,0.08933
20.82,0.08026
20.83,0.07254
20.84,0.06666
20.85,0.06266
20.86,0.05923
20.87,0.05668
20.88,0.05604
20.89,0.0577
20.9,0.05964
20.91,0.05955
20.92,0.05769
20.93,0.05493
20.94,0.05027
20.95,0.04387
20.96,0.0371
20.97,0.03039
20.98,0.02325
20.99,0.016
21,0.00877
21.01,0.00304
21.02,-0.00105
21.03,-0.00484
21.04,-0.00743
21.05,-0.00826
21.06,-0.00807
21.07,-0.00784
21.08,-0.0079
21.09,-0.00833
21.1,-0.01108
21.11,-0.01513
21.12,-0.01789
21.13,-0.02104
21.14,-0.02712
21.15,-0.03721
21.16,-0.04914
21.17,-0.06138
21.18,-0.07386
21.19,-0.0863
21.2,-0.09833
21.21,-0.10911
21.22,-0.11881
21.23,-0.12709
21.24,-0.13579
21.25,-0.14522
21.26,-0.15452
21.27,-0.16276
21.28,-0.16921
21.29,-0.17467
21.3,-0.18123
21.31,-0.18839
21.32,-0.19513
21.33,-0.20132
21.34,-0.20744
21.35,-0.21327
21.36,-0.21677
21.37,-0.21738
21.38,-0.21468
21.39,-0.20946
21.4,-0.20175
21.41,-0.19231
21.42,-0.18154
21.43,-0.16888
21.44,-0.15493
21.45,-0.14146
21.46,-0.1281
21.47,-0.11496
21.48,-0.10076
21.49,-0.08477
21.5,-0.06882
21.51,-0.054
21.52,-0.04017
21.53,-0.02775
21.54,-0.01771
21.55,-0.01052
21.56,-0.00502
21.57,-0.00141
21.58,-0.0001
21.59,-0.00054
21.6,-0.00437
21.61,-0.01071
21.62,-0.01647
21.63,-0.02157
21.64,-0.02834
21.65,-0.03734
21.66,-0.04729
21.67,-0.05666
21.68,-0.06414
21.69,-0.06997
21.7,-0.07441
21.71,-0.07888
21.72,-0.08233
21.73,-0.08386
21.74,-0.08582
21.75,-0.08928
21.76,-0.09211
21.77,-0.0927
21.78,-0.08989
21.79,-0.08543
21.8,-0.08145
21.81,-0.07736
21.82,-0.07255
21.83,-0.06738
21.84,-0.06314
21.85,-0.05787
21.86,-0.05072
21.87,-0.0416
21.88,-0.03033
21.89,-0.01658
21.9,-0.0012
21.91,0.01442
21.92,0.02881
21.93,0.04158
21.94,0.05285
21.95,0.06272
21.96,0.07204
21.97,0.08206
21.98,0.09251
21.99,0.10328
22,0.11427
22.01,0.12545
22.02,0.13639
22.03,0.14698
22.04,0.15649
22.05,0.16458
22.06,0.17117
22.07,0.17737
22.08,0.1843
22.09,0.1919
22.1,0.19737
22.11,0.20104
22.12,0.20485
22.13,0.20786
22.14,0.20905
22.15,0.20851
22.16,0.20542
22.17,0.20065
22.18,0.1944
22.19,0.18681
22.2,0.17813
22.21,0.16944
22.22,0.16255
22.23,0.15666
22.24,0.14798
22.25,0.1358
22.26,0.12345
22.27,0.11271
22.28,0.1022
22.29,0.09062
22.3,0.07815
22.31,0.06509
22.32,0.05152
22.33,0.03764
22.34,0.02369
22.35,0.01033
22.36,-0.00135
22.37,-0.01203
22.38,-0.02215
22.39,-0.03048
22.4,-0.03622
22.41,-0.03914
22.42,-0.03928
22.43,-0.03664
22.44,-0.03224
22.45,-0.02746
22.46,-0.02341
22.47,-0.02026
22.48,-0.01835
22.49,-0.01905
22.5,-0.02149
22.51,-0.02526
22.52,-0.0316
22.53,-0.03975
22.54,-0.0478
22.55,-0.05565
22.56,-0.06264
22.57,-0.06761
22.58,-0.07104
22.59,-0.07437
22.6,-0.07769
22.61,-0.07942
22.62,-0.07905
22.63,-0.078
22.64,-0.07755
22.65,-0.07776
22.66,-0.07898
22.67,-0.08268
22.68,-0.08936
22.69,-0.09793
22.7,-0.1065
22.71,-0.11365
22.72,-0.11917
22.73,-0.12188
22.74,-0.12274
22.75,-0.12281
22.76,-0.12272
22.77,-0.12269
22.78,-0.12262
22.79,-0.12156
22.8,-0.11913
22.81,-0.11583
22.82,-0.11329
22.83,-0.11153
22.84,-0.10943
22.85,-0.10644
22.86,-0.10337
22.87,-0.09894
22.88,-0.09241
22.89,-0.08392
22.9,-0.0734
22.91,-0.06053
22.92,-0.04727
22.93,-0.03441
22.94,-0.02201
22.95,-0.00977
22.96,0.00223
22.97,0.01382
22.98,0.02326
22.99,0.0301
23,0.03444
23.01,0.03659
23.02,0.03932
23.03,0.04187
23.04,0.0418
23.05,0.03834
23.06,0.03477
23.07,0.03342
23.08,0.03371
23.09,0.03415
23.1,0.03285
23.11,0.02871
23.12,0.0248
23.13,0.02333
23.14,0.02372
23.15,0.02351
23.16,0.0202
23.17,0.0152
23.18,0.00972
23.19,0.00592
23.2,0.00412
23.21,0.00273
23.22,0.00276
23.23,0.00546
23.24,0.01067
23.25,0.01503
23.26,0.01911
23.27,0.0265
23.28,0.03759
23.29,0.04933
23.3,0.06132
23.31,0.07352
23.32,0.08529
23.33,0.09698
23.34,0.10792
23.35,0.11762
23.36,0.12653
23.37,0.13508
23.38,0.14144
23.39,0.14634
23.4,0.15011
23.41,0.15206
23.42,0.15411
23.43,0.15754
23.44,0.16036
23.45,0.1614
23.46,0.16295
23.47,0.16642
23.48,0.16948
23.49,0.17048
23.5,0.17002
23.51,0.16943
23.52,0.16927
23.53,0.16938
23.54,0.16948
23.55,0.16946
23.56,0.1694
23.57,0.16814
23.58,0.16437
23.59,0.15959
23.6,0.15324
23.61,0.145
23.62,0.13552
23.63,0.12508
23.64,0.11298
23.65,0.09937
23.66,0.08524
23.67,0.0723
23.68,0.06168
23.69,0.05268
23.7,0.045
23.71,0.03808
23.72,0.03072
23.73,0.0247
23.74,0.0201
23.75,0.01376
23.76,0.00713
23.77,0.00129
23.78,-0.00403
23.79,-0.01019
23.8,-0.01728
23.81,-0.02512
23.82,-0.03372
23.83,-0.04282
23.84,-0.05256
23.85,-0.06211
23.86,-0.07053
23.87,-0.07787
23.88,-0.0836
23.89,-0.08758
23.9,-0.0916
23.91,-0.09594
23.92,-0.10118
23.93,-0.10736
23.94,-0.11373
23.95,-0.12082
23.96,-0.12927
23.97,-0.13862
23.98,-0.14822
23.99,-0.15759
24,-0.16672
24.01,-0.17574
24.02,-0.18363
24.03,-0.19041
24.04,-0.19691
24.05,-0.20274
24.06,-0.20841
24.07,-0.21424
24.08,-0.21988
24.09,-0.22411
24.1,-0.22965
24.11,-0.23635
24.12,-0.2381
24.13,-0.23492
24.14,-0.23154
24.15,-0.22916
24.16,-0.2251
24.17,-0.2174
24.18,-0.20661
24.19,-0.19421
24.2,-0.18169
24.21,-0.17004
24.22,-0.15954
24.23,-0.14897
24.24,-0.13995
24.25,-0.13361
24.26,-0.12945
24.27,-0.12549
24.28,-0.12169
24.29,-0.11729
24.3,-0.11227
24.31,-0.10692
24.32,-0.10211
24.33,-0.09714
24.34,-0.09137
24.35,-0.08647
24.36,-0.08386
24.37,-0.08328
24.38,-0.08194
24.39,-0.07954
24.4,-0.07718
24.41,-0.07603
24.42,-0.07595
24.43,-0.07625
24.44,-0.0749
24.45,-0.07055
24.46,-0.06406
24.47,-0.05734
24.48,-0.05013
24.49,-0.04229
24.5,-0.03398
24.51,-0.02576
24.52,-0.01812
24.53,-0.01209
24.54,-0.00708
24.55,-0.00378
24.56,-0.00115
24.57,0.00255
24.58,0.00572
24.59,0.00843
24.6,0.01056
24.61,0.01126
24.62,0.01488
24.63,0.02117
24.64,0.02842
24.65,0.0355
24.66,0.04129
24.67,0.04679
24.68,0.05311
24.69,0.06036
24.7,0.06803
24.71,0.07542
24.72,0.08298
24.73,0.091
24.74,0.09701
24.75,0.10118
24.76,0.10503
24.77,0.11049
24.78,0.11817
24.79,0.12587
24.8,0.13225
24.81,0.1379
24.82,0.14304
24.83,0.14823
24.84,0.15222
24.85,0.15577
24.86,0.15943
24.87,0.16101
24.88,0.15883
24.89,0.15475
24.9,0.15218
24.91,0.15193
24.92,0.15114
24.93,0.14761
24.94,0.14404
24.95,0.14271
24.96,0.1432
24.97,0.14385
24.98,0.14381
24.99,0.14322
25,0.14134
25.01,0.138
25.02,0.1351
25.03,0.13404
25.04,0.13433
25.05,0.1348
25.06,0.13485
25.07,0.13457
25.08,0.13432
25.09,0.1334
25.1,0.13018
25.11,0.12659
25.12,0.1249
25.13,0.12507
25.14,0.12443
25.15,0.12042
25.16,0.11379
25.17,0.10671
25.18,0.09836
25.19,0.08759
25.2,0.0752
25.21,0.06254
25.22,0.05089
25.23,0.04077
25.24,0.03064
25.25,0.01943
25.26,0.00798
25.27,-0.00172
25.28,-0.00998
25.29,-0.01823
25.3,-0.02621
25.31,-0.03353
25.32,-0.04123
25.33,-0.04976
25.34,-0.05824
25.35,-0.06655
25.36,-0.07444
25.37,-0.08251
25.38,-0.09025
25.39,-0.09709
25.4,-0.10178
25.41,-0.10347
25.42,-0.10322
25.43,-0.10268
25.44,-0.10233
25.45,-0.09984
25.46,-0.09573
25.47,-0.09117
25.48,-0.08661
25.49,-0.08139
25.5,-0.07466
25.51,-0.0656
25.52,-0.05551
25.53,-0.04672
25.54,-0.03955
25.55,-0.03341
25.56,-0.02977
25.57,-0.02894
25.58,-0.02947
25.59,-0.0302
25.6,-0.03369
25.61,-0.04094
25.62,-0.0476
25.63,-0.05255
25.64,-0.05713
25.65,-0.06266
25.66,-0.06909
25.67,-0.0745
25.68,-0.07917
25.69,-0.0837
25.7,-0.08879
25.71,-0.09361
25.72,-0.09724
25.73,-0.09834
25.74,-0.0999
25.75,-0.10196
25.76,-0.10324
25.77,-0.10335
25.78,-0.10219
25.79,-0.09873
25.8,-0.09467
25.81,-0.08986
25.82,-0.08287
25.83,-0.07393
25.84,-0.06514
25.85,-0.05745
25.86,-0.04925
25.87,-0.04058
25.88,-0.03216
25.89,-0.02485
25.9,-0.01875
25.91,-0.01262
25.92,-0.00602
25.93,0.00087
25.94,0.00793
25.95,0.01506
25.96,0.02242
25.97,0.0294
25.98,0.03465
25.99,0.03913
26,0.0437
26.01,0.0489
26.02,0.05277
26.03,0.0564
26.04,0.05999
26.05,0.06218
26.06,0.06324
26.07,0.06423
26.08,0.06721
26.09,0.07036
26.1,0.07075
26.11,0.06968
26.12,0.07235
26.13,0.07884
26.14,0.08611
26.15,0.09134
26.16,0.09582
26.17,0.1012
26.18,0.10745
26.19,0.11364
26.2,0.11797
26.21,0.12179
26.22,0.12522
26.23,0.12929
26.24,0.13196
26.25,0.13069
26.26,0.12735
26.27,0.1252
26.28,0.12502
26.29,0.12567
26.3,0.12597
26.31,0.12573
26.32,0.12415
26.33,0.12017
26.34,0.11623
26.35,0.11211
26.36,0.10758
26.37,0.1021
26.38,0.09529
26.39,0.0883
26.4,0.0818
26.41,0.07542
26.42,0.06806
26.43,0.06074
26.44,0.05366
26.45,0.04704
26.46,0.0419
26.47,0.03727
26.48,0.03259
26.49,0.02741
26.5,0.02272
26.51,0.01797
26.52,0.01299
26.53,0.00823
26.54,0.00506
26.55,0.00351
26.56,0.0031
26.57,0.00419
26.58,0.00561
26.59,0.00627
26.6,0.00613
26.61,0.00594
26.62,0.00782
26.63,0.01185
26.64,0.01492
26.65,0.01556
26.66,0.01486
26.67,0.01427
26.68,0.01417
26.69,0.01419
26.7,0.01412
26.71,0.0145
26.72,0.01633
26.73,0.01985
26.74,0.02109
26.75,0.01785
26.76,0.0138
26.77,0.01204
26.78,0.01239
26.79,0.01308
26.8,0.01314
26.81,0.01273
26.82,0.01295
26.83,0.01385
26.84,0.01398
26.85,0.01263
26.86,0.00871
26.87,0.00279
26.88,-0.00491
26.89,-0.01377
26.9,-0.02191
26.91,-0.02861
26.92,-0.03434
26.93,-0.03965
26.94,-0.04438
26.95,-0.04899
26.96,-0.05183
26.97,-0.05361
26.98,-0.05676
26.99,-0.06011
27,-0.06227
27.01,-0.06539
27.02,-0.06887
27.03,-0.07258
27.04,-0.07727
27.05,-0.08318
27.06,-0.08953
27.07,-0.09569
27.08,-0.10174
27.09,-0.10713
27.1,-0.11244
27.11,-0.11765
27.12,-0.11945
27.13,-0.11966
27.14,-0.12173
27.15,-0.12448
27.16,-0.12596
27.17,-0.12597
27.18,-0.12557
27.19,-0.12547
27.2,-0.12572
27.21,-0.12601
27.22,-0.12541
27.23,-0.1221
27.24,-0.1184
27.25,-0.11678
27.26,-0.11709
27.27,-0.11588
27.28,-0.11204
27.29,-0.10684
27.3,-0.10165
27.31,-0.09656
27.32,-0.09105
27.33,-0.08458
27.34,-0.07755
27.35,-0.0709
27.36,-0.0654
27.37,-0.06041
27.38,-0.05651
27.39,-0.05264
27.4,-0.04808
27.41,-0.04263
27.42,-0.03824
27.43,-0.03559
27.44,-0.03224
27.45,-0.02906
27.46,-0.02757
27.47,-0.02766
27.48,-0.02818
27.49,-0.02835
27.5,-0.02814
27.51,-0.02812
27.52,-0.03068
27.53,-0.03484
27.54,-0.03748
27.55,-0.03896
27.56,-0.04197
27.57,-0.04514
27.58,-0.04661
27.59,-0.04643
27.6,-0.04716
27.61,-0.05029
27.62,-0.05091
27.63,-0.04819
27.64,-0.04535
27.65,-0.04445
27.66,-0.04495
27.67,-0.04549
27.68,-0.04537
27.69,-0.04399
27.7,-0.04029
27.71,-0.03601
27.72,-0.03068
27.73,-0.0236
27.74,-0.01791
27.75,-0.01531
27.76,-0.01261
27.77,-0.00945
27.78,-0.00749
27.79,-0.00724
27.8,-0.00775
27.81,-0.00806
27.82,-0.00797
27.83,-0.00778
27.84,-0.00772
27.85,-0.00778
27.86,-0.00791
27.87,-0.00805
27.88,-0.00813
27.89,-0.00819
27.9,-0.00846
27.91,-0.00987
27.92,-0.01325
27.93,-0.01679
27.94,-0.01848
27.95,-0.01948
27.96,-0.02266
27.97,-0.02712
27.98,-0.03107
27.99,-0.03415
28,-0.03603
28.01,-0.03662
28.02,-0.03647
28.03,-0.03624
28.04,-0.03545
28.05,-0.03222
28.06,-0.02705
28.07,-0.02093
28.08,-0.01464
28.09,-0.00861
28.1,-0.00288
28.11,0.00142
28.12,0.00596
28.13,0.0123
28.14,0.01891
28.15,0.02478
28.16,0.02985
28.17,0.03473
28.18,0.0393
28.19,0.04417
28.2,0.04946
28.21,0.0543
28.22,0.05838
28.23,0.06368
28.24,0.06957
28.25,0.07384
28.26,0.07723
28.27,0.08168
28.28,0.08811
28.29,0.09565
28.3,0.10331
28.31,0.11012
28.32,0.11625
28.33,0.12156
28.34,0.12664
28.35,0.13006
28.36,0.13164
28.37,0.13452
28.38,0.13729
28.39,0.13653
28.4,0.13305
28.41,0.13036
28.42,0.12852
28.43,0.12559
28.44,0.12268
28.45,0.12133
28.46,0.1215
28.47,0.12208
28.48,0.12228
28.49,0.12213
28.5,0.12153
28.51,0.11876
28.52,0.11488
28.53,0.11251
28.54,0.11088
28.55,0.10777
28.56,0.10372
28.57,0.09876
28.58,0.09507
28.59,0.09227
28.6,0.08797
28.61,0.08298
28.62,0.08055
28.63,0.07903
28.64,0.07758
28.65,0.07559
28.66,0.07171
28.67,0.0676
28.68,0.06321
28.69,0.05909
28.7,0.05518
28.71,0.05056
28.72,0.04488
28.73,0.04062
28.74,0.03645
28.75,0.02962
28.76,0.02098
28.77,0.01329
28.78,0.0074
28.79,0.00333
28.8,-0.00094
28.81,-0.00549
28.82,-0.00997
28.83,-0.01325
28.84,-0.01585
28.85,-0.01962
28.86,-0.02288
28.87,-0.02439
28.88,-0.02627
28.89,-0.02927
28.9,-0.03148
28.91,-0.032
28.92,-0.03189
28.93,-0.0312
28.94,-0.03046
28.95,-0.02949
28.96,-0.02823
28.97,-0.02795
28.98,-0.02795
28.99,-0.02752
29,-0.02876
29.01,-0.03141
29.02,-0.03335
29.03,-0.03371
29.04,-0.03338
29.05,-0.03502
29.06,-0.03903
29.07,-0.04228
29.08,-0.04312
29.09,-0.0428
29.1,-0.04506
29.11,-0.04933
29.12,-0.0522
29.13,-0.05381
29.14,-0.05682
29.15,-0.05998
29.16,-0.06144
29.17,-0.06134
29.18,-0.06108
29.19,-0.0617
29.2,-0.06196
29.21,-0.06154
29.22,-0.06003
29.23,-0.05631
29.24,-0.05255
29.25,-0.05087
29.26,-0.04955
29.27,-0.04616
29.28,-0.04276
29.29,-0.04096
29.3,-0.03835
29.31,-0.03494
29.32,-0.03277
29.33,-0.03243
29.34,-0.03139
29.35,-0.02767
29.36,-0.02405
29.37,-0.02219
29.38,-0.01953
29.39,-0.01506
29.4,-0.00941
29.41,-0.00386
29.42,0.00153
29.43,0.00738
29.44,0.0136
29.45,0.01947
29.46,0.0248
29.47,0.029
29.48,0.03098
29.49,0.03207
29.5,0.03367
29.51,0.03601
29.52,0.03841
29.53,0.03964
29.54,0.03968
29.55,0.03934
29.56,0.0392
29.57,0.0393
29.58,0.03936
29.59,0.03792
29.6,0.03412
29.61,0.03066
29.62,0.02944
29.63,0.02992
29.64,0.03065
29.65,0.02996
29.66,0.02626
29.67,0.0223
29.68,0.0207
29.69,0.02115
29.7,0.02179
29.71,0.01957
29.72,0.01521
29.73,0.01212
29.74,0.00987
29.75,0.00662
29.76,0.00195
29.77,-0.00302
29.78,-0.00593
29.79,-0.00717
29.8,-0.00932
29.81,-0.01257
29.82,-0.01478
29.83,-0.01508
29.84,-0.01447
29.85,-0.01416
29.86,-0.01458
29.87,-0.01709
29.88,-0.02113
29.89,-0.02402
29.9,-0.02657
29.91,-0.03022
29.92,-0.03315
29.93,-0.03411
29.94,-0.03378
29.95,-0.03337
29.96,-0.03234
29.97,-0.02951
29.98,-0.02619
29.99,-0.02445
30,-0.02445
30.01,-0.02519
30.02,-0.0277
30.03,-0.0318
30.04,-0.03477
30.05,-0.03547
30.06,-0.03491
30.07,-0.03448
30.08,-0.03449
30.09,-0.03262
30.1,-0.02997
30.11,-0.02678
30.12,-0.0221
30.13,-0.01794
30.14,-0.01624
30.15,-0.01639
30.16,-0.01571
30.17,-0.01432
30.18,-0.01255
30.19,-0.00993
30.2,-0.00792
30.21,-0.00731
30.22,-0.00717
30.23,-0.00494
30.24,-0.00386
30.25,-0.00548
30.26,-0.00769
30.27,-0.00837
30.28,-0.00615
30.29,-0.00284
30.3,-0.00174
30.31,-0.00349
30.32,-0.00646
30.33,-0.00822
30.34,-0.00829
30.35,-0.00837
30.36,-0.01147
30.37,-0.01568
30.38,-0.0179
30.39,-0.01774
30.4,-0.01689
30.41,-0.01662
30.42,-0.01729
30.43,-0.02
30.44,-0.02343
30.45,-0.02591
30.46,-0.02665
30.47,-0.02639
30.48,-0.0261
30.49,-0.0261
30.5,-0.02621
30.51,-0.02622
30.52,-0.02609
30.53,-0.02599
30.54,-0.02602
30.55,-0.0253
30.56,-0.02205
30.57,-0.01816
30.58,-0.01621
30.59,-0.01632
30.6,-0.01712
30.61,-0.01735
30.62,-0.01521
30.63,-0.01108
30.64,-0.00816
30.65,-0.00764
30.66,-0.00833
30.67,-0.00883
30.68,-0.00884
30.69,-0.00871
30.7,-0.00872
30.71,-0.0088
30.72,-0.00846
30.73,-0.00561
30.74,-0.00265
30.75,-0.00385
30.76,-0.00693
30.77,-0.00772
30.78,-0.0064
30.79,-0.00503
30.8,-0.00446
30.81,-0.00386
30.82,-0.00391
30.83,-0.00378
30.84,-0.00376
30.85,-0.00486
30.86,-0.00725
30.87,-0.00917
30.88,-0.00969
30.89,-0.00935
30.9,-0.00902
30.91,-0.00902
30.92,-0.00913
30.93,-0.00916
30.94,-0.00984
30.95,-0.01247
30.96,-0.01607
30.97,-0.01831
30.98,-0.01863
30.99,-0.01811
31,-0.01777
31.01,-0.01805
31.02,-0.01994
31.03,-0.02358
31.04,-0.02544
31.05,-0.02332
31.06,-0.01973
31.07,-0.01827
31.08,-0.01899
31.09,-0.02021
31.1,-0.02232
31.11,-0.02209
31.12,-0.01694
31.13,-0.00983
31.14,-0.00351
31.15,0.00138
31.16,0.00604
31.17,0.01106
31.18,0.01613
31.19,0.02159
31.2,0.02638
31.21,0.03115
31.22,0.03654
31.23,0.04216
31.24,0.04552
31.25,0.04652
31.26,0.04889
31.27,0.05265
31.28,0.05515
31.29,0.05555
31.3,0.055
31.31,0.0547
31.32,0.05485
31.33,0.05509
31.34,0.05524
31.35,0.0553
31.36,0.05531
31.37,0.05454
31.38,0.05238
31.39,0.04919
31.4,0.04664
31.41,0.04585
31.42,0.04584
31.43,0.04333
31.44,0.0393
31.45,0.03584
31.46,0.03221
31.47,0.02882
31.48,0.02455
31.49,0.02014
31.5,0.01529
31.51,0.01086
31.52,0.00619
31.53,0.0022
31.54,-0.00069
31.55,-0.00426
31.56,-0.00761
31.57,-0.00944
31.58,-0.01166
31.59,-0.01516
31.6,-0.01936
31.61,-0.02345
31.62,-0.02592
31.63,-0.02687
31.64,-0.02696
31.65,-0.02713
31.66,-0.02837
31.67,-0.03156
31.68,-0.03516
31.69,-0.03703
31.7,-0.03711
31.71,-0.0366
31.72,-0.03491
31.73,-0.03122
31.74,-0.02812
31.75,-0.02714
31.76,-0.0261
31.77,-0.02272
31.78,-0.01834
31.79,-0.01364
31.8,-0.00922
31.81,-0.00452
31.82,-0.0006
31.83,0.00371
31.84,0.00731
31.85,0.00967
31.86,0.01241
31.87,0.01556
31.88,0.01777
31.89,0.02053
31.9,0.02409
31.91,0.02827
31.92,0.03286
31.93,0.03684
31.94,0.04098
31.95,0.04403
31.96,0.04511
31.97,0.04489
31.98,0.04454
31.99,0.04453
32,0.0447
32.01,0.04479
32.02,0.04475
32.03,0.04413
32.04,0.04089
32.05,0.03691
32.06,0.03442
32.07,0.03166
32.08,0.02825
32.09,0.02555
32.1,0.02233
32.11,0.01883
32.12,0.01668
32.13,0.01429
32.14,0.0107
32.15,0.00797
32.16,0.00679
32.17,0.00449
32.18,0.00097
32.19,-0.00145
32.2,-0.00188
32.21,-0.0013
32.22,-0.00013
32.23,0.00321
32.24,0.00609
32.25,0.00472
32.26,0.00202
32.27,0.00216
32.28,0.0045
32.29,0.00693
32.3,0.0081
32.31,0.0081
32.32,0.0078
32.33,0.00772
32.34,0.00784
32.35,0.00793
32.36,0.00791
32.37,0.00786
32.38,0.00784
32.39,0.0079
32.4,0.0093
32.41,0.01238
32.42,0.01549
32.43,0.01714
32.44,0.01729
32.45,0.0169
32.46,0.01673
32.47,0.01684
32.48,0.01697
32.49,0.01698
32.5,0.01692
32.51,0.01688
32.52,0.01689
32.53,0.0169
32.54,0.01691
32.55,0.0169
32.56,0.01689
32.57,0.01688
32.58,0.01688
32.59,0.0161
32.6,0.01267
32.61,0.00879
32.62,0.00698
32.63,0.00719
32.64,0.00789
32.65,0.00798
32.66,0.00563
32.67,0.00135
32.68,-0.00209
32.69,-0.00541
32.7,-0.00869
32.71,-0.01129
32.72,-0.01298
32.73,-0.01382
32.74,-0.01689
32.75,-0.02297
32.76,-0.02892
32.77,-0.03348
32.78,-0.03644
32.79,-0.03801
32.8,-0.04048
32.81,-0.04444
32.82,-0.04734
32.83,-0.04801
32.84,-0.04742
32.85,-0.04694
32.86,-0.04699
32.87,-0.04724
32.88,-0.04734
32.89,-0.04728
32.9,-0.04715
32.91,-0.04604
32.92,-0.04331
32.93,-0.04045
32.94,-0.03858
32.95,-0.03865
32.96,-0.0391
32.97,-0.03873
32.98,-0.038
32.99,-0.03765
33,-0.03704
33.01,-0.03382
33.02,-0.02992
33.03,-0.02794
33.04,-0.02664
33.05,-0.02362
33.06,-0.02042
33.07,-0.01848
33.08,-0.01589
33.09,-0.01255
33.1,-0.01036
33.11,-0.0092
33.12,-0.00621
33.13,-0.00195
33.14,0.00306
33.15,0.00698
33.16,0.00848
33.17,0.00921
33.18,0.0122
33.19,0.01574
33.2,0.01743
33.21,0.01741
33.22,0.01913
33.23,0.02303
33.24,0.02602
33.25,0.02665
33.26,0.02595
33.27,0.025
33.28,0.02346
33.29,0.02029
33.3,0.01733
33.31,0.01623
33.32,0.01558
33.33,0.01248
33.34,0.00881
33.35,0.00645
33.36,0.00355
33.37,0.00018
33.38,-0.00188
33.39,-0.00217
33.4,-0.00225
33.41,-0.00497
33.42,-0.00899
33.43,-0.01134
33.44,-0.01144
33.45,-0.0107
33.46,-0.01036
33.47,-0.01054
33.48,-0.01002
33.49,-0.00677
33.5,-0.00269
33.51,0.00015
33.52,0.00323
33.53,0.00663
33.54,0.01102
33.55,0.0153
33.56,0.01924
33.57,0.02314
33.58,0.02576
33.59,0.02826
33.6,0.02994
33.61,0.02999
33.62,0.03155
33.63,0.03512
33.64,0.0387
33.65,0.04035
33.66,0.03909
33.67,0.03704
33.68,0.03555
33.69,0.035
33.7,0.035
33.71,0.03364
33.72,0.03092
33.73,0.02975
33.74,0.0278
33.75,0.02307
33.76,0.01796
33.77,0.01516
33.78,0.01251
33.79,0.00949
33.8,0.00751
33.81,0.00581
33.82,0.00304
33.83,0.00001
33.84,-0.00169
33.85,-0.00205
33.86,-0.00391
33.87,-0.00782
33.88,-0.01132
33.89,-0.01505
33.9,-0.01856
33.91,-0.022
33.92,-0.02616
33.93,-0.02918
33.94,-0.03162
33.95,-0.03526
33.96,-0.03932
33.97,-0.0439
33.98,-0.04762
33.99,-0.05118
34,-0.05499
34.01,-0.05901
34.02,-0.06354
34.03,-0.06659
34.04,-0.06778
34.05,-0.07028
34.06,-0.07391
34.07,-0.07624
34.08,-0.07655
34.09,-0.07604
34.1,-0.07591
34.11,-0.07583
34.12,-0.07307
34.13,-0.06897
34.14,-0.0662
34.15,-0.06321
34.16,-0.05994
34.17,-0.05648
34.18,-0.05217
34.19,-0.04714
34.2,-0.04214
34.21,-0.03671
34.22,-0.03001
34.23,-0.02153
34.24,-0.01494
34.25,-0.01128
34.26,-0.00784
34.27,-0.00273
34.28,0.00221
34.29,0.00645
34.3,0.00996
34.31,0.01177
34.32,0.01365
34.33,0.01698
34.34,0.01963
34.35,0.02027
34.36,0.01964
34.37,0.01989
34.38,0.02202
34.39,0.0253
34.4,0.02768
34.41,0.02793
34.42,0.02639
34.43,0.02401
34.44,0.02151
34.45,0.01942
34.46,0.01805
34.47,0.01756
34.48,0.01762
34.49,0.01771
34.5,0.01617
34.51,0.01278
34.52,0.00949
34.53,0.00807
34.54,0.00823
34.55,0.00874
34.56,0.00887
34.57,0.00772
34.58,0.00459
34.59,0.00102
34.6,-0.0023
34.61,-0.00345
34.62,-0.00183
34.63,0.00022
34.64,0.00094
34.65,0.00063
34.66,0.00028
34.67,0.00037
34.68,0.00082
34.69,0.00321
34.7,0.00749
34.71,0.01066
34.72,0.01218
34.73,0.01501
34.74,0.01811
34.75,0.01753
34.76,0.01574
34.77,0.01643
34.78,0.0181
34.79,0.01645
34.8,0.01297
34.81,0.01094
34.82,0.01097
34.83,0.01076
34.84,0.00751
34.85,0.00363
34.86,0.00186
34.87,0.00145
34.88,-0.00103
34.89,-0.00481
34.9,-0.00719
34.91,-0.00816
34.92,-0.01071
34.93,-0.01418
34.94,-0.01626
34.95,-0.0164
34.96,-0.01577
34.97,-0.01658
34.98,-0.01979
34.99,-0.02345
35,-0.02538
35.01,-0.0254
35.02,-0.02479
35.03,-0.02455
35.04,-0.02471
35.05,-0.0249
35.06,-0.02491
35.07,-0.02479
35.08,-0.02471
35.09,-0.02473
35.1,-0.02622
35.11,-0.02851
35.12,-0.02797
35.13,-0.0257
35.14,-0.0242
35.15,-0.0242
35.16,-0.0248
35.17,-0.0251
35.18,-0.02329
35.19,-0.01924
35.2,-0.01617
35.21,-0.01556
35.22,-0.01452
35.23,-0.00956
35.24,-0.00479
35.25,-0.00339
35.26,-0.00223
35.27,-0.0001
35.28,0.0039
35.29,0.00886
35.3,0.01447
35.31,0.02062
35.32,0.02683
35.33,0.03291
35.34,0.03736
35.35,0.04139
35.36,0.04507
35.37,0.04706
35.38,0.04814
35.39,0.05123
35.4,0.055
35.41,0.05713
35.42,0.05731
35.43,0.05684
35.44,0.0571
35.45,0.05892
35.46,0.06268
35.47,0.06618
35.48,0.06765
35.49,0.06759
35.5,0.06846
35.51,0.07177
35.52,0.07558
35.53,0.07754
35.54,0.07755
35.55,0.07747
35.56,0.07967
35.57,0.08357
35.58,0.08577
35.59,0.08568
35.6,0.08347
35.61,0.08186
35.62,0.08345
35.63,0.08622
35.64,0.0877
35.65,0.08758
35.66,0.08708
35.67,0.08677
35.68,0.08436
35.69,0.0805
35.7,0.07725
35.71,0.07373
35.72,0.07064
35.73,0.06902
35.74,0.06704
35.75,0.06296
35.76,0.05764
35.77,0.05301
35.78,0.04959
35.79,0.04636
35.8,0.04338
35.81,0.03938
35.82,0.03514
35.83,0.03091
35.84,0.02661
35.85,0.02152
35.86,0.01676
35.87,0.01195
35.88,0.00785
35.89,0.00395
35.9,0.00009
35.91,-0.00323
35.92,-0.00715
35.93,-0.01143
35.94,-0.01621
35.95,-0.02065
35.96,-0.02519
35.97,-0.02875
35.98,-0.03227
35.99,-0.03614
36,-0.03862
36.01,-0.03911
36.02,-0.0386
36.03,-0.0382
36.04,-0.03814
36.05,-0.03826
36.06,-0.03919
36.07,-0.04118
36.08,-0.04364
36.09,-0.04545
36.1,-0.04636
36.11,-0.0469
36.12,-0.04721
36.13,-0.04731
36.14,-0.04729
36.15,-0.04725
36.16,-0.04724
36.17,-0.04726
36.18,-0.04846
36.19,-0.05208
36.2,-0.05569
36.21,-0.05738
36.22,-0.05766
36.23,-0.05705
36.24,-0.0585
36.25,-0.06241
36.26,-0.06556
36.27,-0.06632
36.28,-0.06564
36.29,-0.06507
36.3,-0.06512
36.31,-0.0654
36.32,-0.06551
36.33,-0.06543
36.34,-0.065
36.35,-0.06428
36.36,-0.06374
36.37,-0.06326
36.38,-0.06102
36.39,-0.05839
36.4,-0.05654
36.41,-0.05598
36.42,-0.05615
36.43,-0.05635
36.44,-0.05633
36.45,-0.05577
36.46,-0.05295
36.47,-0.049
36.48,-0.04656
36.49,-0.0447
36.5,-0.0415
36.51,-0.03851
36.52,-0.03714
36.53,-0.03492
36.54,-0.0312
36.55,-0.02841
36.56,-0.02677
36.57,-0.02371
36.58,-0.02034
36.59,-0.01712
36.6,-0.01488
36.61,-0.01348
36.62,-0.00942
36.63,-0.00329
36.64,0.00309
36.65,0.00749
36.66,0.01112
36.67,0.01496
36.68,0.01968
36.69,0.02436
36.7,0.02849
36.71,0.0326
36.72,0.03633
36.73,0.04071
36.74,0.0441
36.75,0.04529
36.76,0.04608
36.77,0.04931
36.78,0.05295
36.79,0.05459
36.8,0.05431
36.81,0.05362
36.82,0.05344
36.83,0.05368
36.84,0.05388
36.85,0.05311
36.86,0.04977
36.87,0.04574
36.88,0.04187
36.89,0.03805
36.9,0.03437
36.91,0.02974
36.92,0.02442
36.93,0.01928
36.94,0.01468
36.95,0.01056
36.96,0.00797
36.97,0.00485
36.98,0.00115
36.99,-0.00187
37,-0.00549
37.01,-0.00904
37.02,-0.01269
37.03,-0.01665
37.04,-0.01922
37.05,-0.02106
37.06,-0.02441
37.07,-0.02764
37.08,-0.029
37.09,-0.02951
37.1,-0.03226
37.11,-0.03532
37.12,-0.03421
37.13,-0.0303
37.14,-0.0268
37.15,-0.0233
37.16,-0.02033
37.17,-0.01891
37.18,-0.01736
37.19,-0.01391
37.2,-0.01073
37.21,-0.00955
37.22,-0.00841
37.23,-0.00507
37.24,-0.00172
37.25,-0.0004
37.26,0.00025
37.27,0.0032
37.28,0.00695
37.29,0.00892
37.3,0.00885
37.31,0.00814
37.32,0.00788
37.33,0.00813
37.34,0.00841
37.35,0.00852
37.36,0.00851
37.37,0.00846
37.38,0.00849
37.39,0.00849
37.4,0.00845
37.41,0.00846
37.42,0.00847
37.43,0.00847
37.44,0.00847
37.45,0.00846
37.46,0.00843
37.47,0.00836
37.48,0.0083
37.49,0.00828
37.5,0.00821
37.51,0.00796
37.52,0.0077
37.53,0.00753
37.54,0.00738
37.55,0.00751
37.56,0.00867
37.57,0.01174
37.58,0.01484
37.59,0.01667
37.6,0.01691
37.61,0.01848
37.62,0.02353
37.63,0.02967
37.64,0.03295
37.65,0.03503
37.66,0.03782
37.67,0.04014
37.68,0.04236
37.69,0.04552
37.7,0.04804
37.71,0.0489
37.72,0.05074
37.73,0.05404
37.74,0.05514
37.75,0.05257
37.76,0.04944
37.77,0.04835
37.78,0.04789
37.79,0.04718
37.8,0.0465
37.81,0.04621
37.82,0.04627
37.83,0.04581
37.84,0.04337
37.85,0.03974
37.86,0.03615
37.87,0.0321
37.88,0.02802
37.89,0.02332
37.9,0.01805
37.91,0.0118
37.92,0.00466
37.93,-0.00254
37.94,-0.00967
37.95,-0.01659
37.96,-0.02237
37.97,-0.02752
37.98,-0.0323
37.99,-0.03719
38,-0.04065
38.01,-0.04335
38.02,-0.04677
38.03,-0.0497
38.04,-0.05299
38.05,-0.05652
38.06,-0.05978
38.07,-0.06361
38.08,-0.06662
38.09,-0.06807
38.1,-0.07047
38.11,-0.07415
38.12,-0.07676
38.13,-0.07734
38.14,-0.07686
38.15,-0.07649
38.16,-0.0762
38.17,-0.07439
38.18,-0.07147
38.19,-0.0689
38.2,-0.06763
38.21,-0.0675
38.22,-0.06641
38.23,-0.06279
38.24,-0.05931
38.25,-0.05798
38.26,-0.05639
38.27,-0.05299
38.28,-0.04976
38.29,-0.04617
38.3,-0.04219
38.31,-0.03742
38.32,-0.03281
38.33,-0.02809
38.34,-0.02436
38.35,-0.0223
38.36,-0.0195
38.37,-0.01611
38.38,-0.01355
38.39,-0.011
38.4,-0.00785
38.41,-0.00491
38.42,-0.00118
38.43,0.00244
38.44,0.00433
38.45,0.00613
38.46,0.00949
38.47,0.01252
38.48,0.01377
38.49,0.01542
38.5,0.01897
38.51,0.02273
38.52,0.02634
38.53,0.02972
38.54,0.0325
38.55,0.03618
38.56,0.03972
38.57,0.04217
38.58,0.04546
38.59,0.04878
38.6,0.04989
38.61,0.05007
38.62,0.05221
38.63,0.05604
38.64,0.05905
38.65,0.0598
38.66,0.05913
38.67,0.0585
38.68,0.05848
38.69,0.05873
38.7,0.05875
38.71,0.05877
38.72,0.06078
38.73,0.06363
38.74,0.06297
38.75,0.05949
38.76,0.05525
38.77,0.05127
38.78,0.04842
38.79,0.04523
38.8,0.04102
38.81,0.03605
38.82,0.03135
38.83,0.02784
38.84,0.02401
38.85,0.01989
38.86,0.01557
38.87,0.01167
38.88,0.00817
38.89,0.00445
38.9,0.00154
38.91,-0.0006
38.92,-0.00395
38.93,-0.00738
38.94,-0.00905
38.95,-0.00939
38.96,-0.01152
38.97,-0.01467
38.98,-0.01717
38.99,-0.01813
39,-0.01809
39.01,-0.01769
39.02,-0.01673
39.03,-0.01435
39.04,-0.0116
39.05,-0.01036
39.06,-0.00993
39.07,-0.00968
39.08,-0.00993
39.09,-0.0109
39.1,-0.01407
39.11,-0.01713
39.12,-0.01636
39.13,-0.01368
39.14,-0.01216
39.15,-0.01169
39.16,-0.01087
39.17,-0.00966
39.18,-0.00892
39.19,-0.00898
39.2,-0.00933
39.21,-0.00946
39.22,-0.00837
39.23,-0.00652
39.24,-0.00661
39.25,-0.00822
39.26,-0.0094
39.27,-0.00945
39.28,-0.00758
39.29,-0.00359
39.3,-0.00019
39.31,0.00097
39.32,0.00058
39.33,0.00007
39.34,0.00004
39.35,0.00027
39.36,0.0004
39.37,0.00035
39.38,0.00027
39.39,0.00025
39.4,0.00027
39.41,0.00029
39.42,0.00029
39.43,0.00028
39.44,0.00027
39.45,0.00027
39.46,0.00028
39.47,0.00027
39.48,0.00027
39.49,-0.00032
39.5,-0.00334
39.51,-0.00727
39.52,-0.00948
39.53,-0.00966
39.54,-0.00911
39.55,-0.00897
39.56,-0.00979
39.57,-0.0119
39.58,-0.01381
39.59,-0.01457
39.6,-0.01554
39.61,-0.01719
39.62,-0.01688
39.63,-0.01341
39.64,-0.00986
39.65,-0.00858
39.66,-0.00908
39.67,-0.00977
39.68,-0.0099
39.69,-0.00964
39.7,-0.00944
39.71,-0.00895
39.72,-0.00672
39.73,-0.0031
39.74,-0.00212
39.75,-0.00539
39.76,-0.00921
39.77,-0.01064
39.78,-0.01007
39.79,-0.00928
39.8,-0.00919
39.81,-0.00951
39.82,-0.0098
39.83,-0.01096
39.84,-0.01282
39.85,-0.01388
39.86,-0.01451
39.87,-0.01409
39.88,-0.01313
39.89,-0.01194
39.9,-0.01051
39.91,-0.00958
39.92,-0.00938
39.93,-0.00956
39.94,-0.0092
39.95,-0.00728
39.96,-0.00413
39.97,-0.00128
39.98,-0.00008
39.99,-0.00023
40,-0.00115
40.01,-0.00356
40.02,-0.0071
40.03,-0.00965
40.04,-0.01027
40.05,-0.00983
40.06,-0.00945
40.07,-0.00949
40.08,-0.00978
40.09,-0.01115
40.1,-0.01437
40.11,-0.01717
40.12,-0.01575
40.13,-0.01172
40.14,-0.00901
40.15,-0.0088
40.16,-0.00967
40.17,-0.01012
40.18,-0.00995
40.19,-0.00965
40.2,-0.0096
40.21,-0.00971
40.22,-0.00888
40.23,-0.00654
40.24,-0.00602
40.25,-0.00789
40.26,-0.00942
40.27,-0.0088
40.28,-0.00721
40.29,-0.00741
40.3,-0.00897
40.31,-0.01014
40.32,-0.01033
40.33,-0.01165
40.34,-0.0153
40.35,-0.01865
40.36,-0.01979
40.37,-0.01931
40.38,-0.01871
40.39,-0.01867
40.4,-0.01893
40.41,-0.01908
40.42,-0.01904
40.43,-0.01896
40.44,-0.01894
40.45,-0.01898
40.46,-0.01904
40.47,-0.01912
40.48,-0.0192
40.49,-0.01916
40.5,-0.01906
40.51,-0.01892
40.52,-0.01772
40.53,-0.0152
40.54,-0.01201
40.55,-0.00992
40.56,-0.00949
40.57,-0.00989
40.58,-0.00964
40.59,-0.00818
40.6,-0.00734
40.61,-0.00524
40.62,-0.00095
40.63,0.00429
40.64,0.00813
40.65,0.01045
40.66,0.01311
40.67,0.01604
40.68,0.01935
40.69,0.02335
40.7,0.02616
40.71,0.0271
40.72,0.02905
40.73,0.03261
40.74,0.03526
40.75,0.03579
40.76,0.03505
40.77,0.03459
40.78,0.03592
40.79,0.03875
40.8,0.04188
40.81,0.0436
40.82,0.04365
40.83,0.04301
40.84,0.0426
40.85,0.04252
40.86,0.04248
40.87,0.04229
40.88,0.04208
40.89,0.04128
40.9,0.03863
40.91,0.03486
40.92,0.03215
40.93,0.0295
40.94,0.02585
40.95,0.02227
40.96,0.01816
40.97,0.01457
40.98,0.0116
40.99,0.00821
41,0.00448
41.01,-0.00009
41.02,-0.00408
41.03,-0.00774
41.04,-0.0114
41.05,-0.0137
41.06,-0.0157
41.07,-0.01911
41.08,-0.02209
41.09,-0.02407
41.1,-0.02701
41.11,-0.03005
41.12,-0.03068
41.13,-0.02847
41.14,-0.02603
41.15,-0.02436
41.16,-0.02262
41.17,-0.02121
41.18,-0.02026
41.19,-0.0178
41.2,-0.01384
41.21,-0.01078
41.22,-0.00783
41.23,-0.00431
41.24,-0.00182
41.25,-0.00111
41.26,-0.00113
41.27,0.00112
41.28,0.00531
41.29,0.00826
41.3,0.00879
41.31,0.00896
41.32,0.01076
41.33,0.01409
41.34,0.01678
41.35,0.01757
41.36,0.01715
41.37,0.01669
41.38,0.01657
41.39,0.01662
41.4,0.01691
41.41,0.01821
41.42,0.01946
41.43,0.02023
41.44,0.02011
41.45,0.01938
41.46,0.01858
41.47,0.01838
41.48,0.01789
41.49,0.01702
41.5,0.01638
41.51,0.01625
41.52,0.01639
41.53,0.01649
41.54,0.01646
41.55,0.01639
41.56,0.01636
41.57,0.01637
41.58,0.01637
41.59,0.01592
41.6,0.01318
41.61,0.01064
41.62,0.01198
41.63,0.0152
41.64,0.01741
41.65,0.01832
41.66,0.0192
41.67,0.02026
41.68,0.02089
41.69,0.02084
41.7,0.02051
41.71,0.02041
41.72,0.02168
41.73,0.02383
41.74,0.02353
41.75,0.01975
41.76,0.01603
41.77,0.0148
41.78,0.01539
41.79,0.01609
41.8,0.01611
41.81,0.01517
41.82,0.01309
41.83,0.0112
41.84,0.0093
41.85,0.00749
41.86,0.00655
41.87,0.00643
41.88,0.00661
41.89,0.00664
41.9,0.00643
41.91,0.00622
41.92,0.00616
41.93,0.00615
41.94,0.00614
41.95,0.0061
41.96,0.00597
41.97,0.00585
41.98,0.0058
41.99,0.0058
42,0.00581
42.01,0.00579
42.02,0.00577
42.03,0.00576
42.04,0.00573
42.05,0.00515
42.06,0.00389
42.07,0.0025
42.08,0.00181
42.09,-0.00007
42.1,-0.00247
42.11,-0.00382
42.12,-0.00387
42.13,-0.00344
42.14,-0.00314
42.15,-0.00312
42.16,-0.00319
42.17,-0.00323
42.18,-0.00315
42.19,-0.00299
42.2,-0.00288
42.21,-0.00288
42.22,-0.00292
42.23,-0.00295
42.24,-0.0043
42.25,-0.00794
42.26,-0.01133
42.27,-0.01256
42.28,-0.01216
42.29,-0.01158
42.3,-0.01157
42.31,-0.01295
42.32,-0.01629
42.33,-0.01982
42.34,-0.02151
42.35,-0.02193
42.36,-0.0232
42.37,-0.02541
42.38,-0.0282
42.39,-0.03008
42.4,-0.03053
42.41,-0.03023
42.42,-0.02999
42.43,-0.03004
42.44,-0.0306
42.45,-0.03127
42.46,-0.03107
42.47,-0.03043
42.48,-0.03005
42.49,-0.02996
42.5,-0.02941
42.51,-0.02933
42.52,-0.02983
42.53,-0.03032
42.54,-0.0302
42.55,-0.02789
42.56,-0.02425
42.57,-0.02147
42.58,-0.02067
42.59,-0.02108
42.6,-0.0215
42.61,-0.02148
42.62,-0.02053
42.63,-0.0185
42.64,-0.01664
42.65,-0.0147
42.66,-0.01296
42.67,-0.0121
42.68,-0.01207
42.69,-0.01232
42.7,-0.01243
42.71,-0.01237
42.72,-0.01154
42.73,-0.0098
42.74,-0.00961
42.75,-0.01113
42.76,-0.01255
42.77,-0.0129
42.78,-0.01256
42.79,-0.01228
42.8,-0.0126
42.81,-0.01437
42.82,-0.01644
42.83,-0.0177
42.84,-0.01832
42.85,-0.01795
42.86,-0.01726
42.87,-0.01693
42.88,-0.01671
42.89,-0.01552
42.9,-0.01428
42.91,-0.01345
42.92,-0.01386
42.93,-0.01537
42.94,-0.01688
42.95,-0.0175
42.96,-0.01778
42.97,-0.01926
42.98,-0.02117
42.99,-0.02218
43,-0.02215
43.01,-0.02169
43.02,-0.01984
43.03,-0.0176
43.04,-0.0166
43.05,-0.01588
43.06,-0.01541
43.07,-0.01608
43.08,-0.01717
43.09,-0.01875
43.1,-0.02074
43.11,-0.02203
43.12,-0.0223
43.13,-0.02205
43.14,-0.02188
43.15,-0.02193
43.16,-0.02205
43.17,-0.02209
43.18,-0.02207
43.19,-0.02206
43.2,-0.02207
43.21,-0.02209
43.22,-0.02162
43.23,-0.0199
43.24,-0.01924
43.25,-0.02052
43.26,-0.0221
43.27,-0.02267
43.28,-0.02232
43.29,-0.02078
43.3,-0.01857
43.31,-0.01599
43.32,-0.01382
43.33,-0.01288
43.34,-0.01213
43.35,-0.00905
43.36,-0.00516
43.37,-0.00238
43.38,0.00069
43.39,0.00445
43.4,0.00929
43.41,0.01401
43.42,0.01873
43.43,0.02248
43.44,0.02561
43.45,0.02906
43.46,0.03186
43.47,0.03394
43.48,0.03719
43.49,0.04049
43.5,0.04208
43.51,0.042
43.52,0.04143
43.53,0.04125
43.54,0.04196
43.55,0.0428
43.56,0.04372
43.57,0.04436
43.58,0.04451
43.59,0.04382
43.6,0.0418
43.61,0.04032
43.62,0.04042
43.63,0.04121
43.64,0.04161
43.65,0.04059
43.66,0.03805
43.67,0.03475
43.68,0.03239
43.69,0.03172
43.7,0.03164
43.71,0.03028
43.72,0.02932
43.73,0.02881
43.74,0.02641
43.75,0.02248
43.76,0.01891
43.77,0.01642
43.78,0.01459
43.79,0.01321
43.8,0.01087
43.81,0.00733
43.82,0.00459
43.83,0.00377
43.84,0.00416
43.85,0.00416
43.86,0.00346
43.87,0.00222
43.88,0.00067
43.89,0.0002
43.9,0.00184
43.91,0.00391
43.92,0.00481
43.93,0.00459
43.94,0.00416
43.95,0.00406
43.96,0.0042
43.97,0.00443
43.98,0.00589
43.99,0.00922
44,0.01265
44.01,0.0154
44.02,0.01785
44.03,0.02046
44.04,0.02292
44.05,0.02557
44.06,0.02857
44.07,0.03105
44.08,0.03208
44.09,0.03196
44.1,0.03088
44.11,0.02949
44.12,0.02967
44.13,0.03087
44.14,0.03179
44.15,0.03192
44.16,0.03166
44.17,0.03149
44.18,0.03152
44.19,0.0316
44.2,0.03162
44.21,0.03159
44.22,0.03232
44.23,0.03425
44.24,0.03519
44.25,0.03377
44.26,0.03178
44.27,0.03093
44.28,0.03117
44.29,0.03159
44.3,0.03139
44.31,0.0296
44.32,0.02718
44.33,0.02443
44.34,0.0221
44.35,0.01975
44.36,0.01699
44.37,0.01419
44.38,0.01262
44.39,0.01153
44.4,0.00959
44.41,0.00654
44.42,0.00402
44.43,0.00278
44.44,0.00096
44.45,-0.0023
44.46,-0.00515
44.47,-0.00622
44.48,-0.00596
44.49,-0.00652
44.5,-0.0085
44.51,-0.01121
44.52,-0.01368
44.53,-0.01485
44.54,-0.01487
44.55,-0.01457
44.56,-0.01448
44.57,-0.01459
44.58,-0.0147
44.59,-0.01529
44.6,-0.01819
44.61,-0.0209
44.62,-0.02104
44.63,-0.02022
44.64,-0.02114
44.65,-0.02308
44.66,-0.02427
44.67,-0.02436
44.68,-0.02472
44.69,-0.02598
44.7,-0.02822
44.71,-0.03093
44.72,-0.03101
44.73,-0.02948
44.74,-0.03003
44.75,-0.03207
44.76,-0.03348
44.77,-0.03356
44.78,-0.03307
44.79,-0.03282
44.8,-0.03294
44.81,-0.03312
44.82,-0.03316
44.83,-0.03311
44.84,-0.03307
44.85,-0.03309
44.86,-0.03312
44.87,-0.03314
44.88,-0.03314
44.89,-0.03315
44.9,-0.03315
44.91,-0.03317
44.92,-0.03318
44.93,-0.03319
44.94,-0.0332
44.95,-0.0332
44.96,-0.03321
44.97,-0.03322
44.98,-0.03323
44.99,-0.03319
45,-0.03175
45.01,-0.02801
45.02,-0.02458
45.03,-0.02336
45.04,-0.02372
45.05,-0.02304
45.06,-0.02026
45.07,-0.01719
45.08,-0.01527
45.09,-0.01492
45.1,-0.0159
45.11,-0.01626
45.12,-0.01396
45.13,-0.00936
45.14,-0.00593
45.15,-0.00516
45.16,-0.00578
45.17,-0.00619
45.18,-0.00541
45.19,-0.00269
45.2,0.00093
45.21,0.00321
45.22,0.00507
45.23,0.00768
45.24,0.00805
45.25,0.00557
45.26,0.00355
45.27,0.00396
45.28,0.00608
45.29,0.00856
45.3,0.01081
45.31,0.01202
45.32,0.01219
45.33,0.01196
45.34,0.01183
45.35,0.01186
45.36,0.01214
45.37,0.01309
45.38,0.01545
45.39,0.01772
45.4,0.01784
45.41,0.0177
45.42,0.01882
45.43,0.02019
45.44,0.02074
45.45,0.02053
45.46,0.02021
45.47,0.02015
45.48,0.02025
45.49,0.02041
45.5,0.0216
45.51,0.0236
45.52,0.02509
45.53,0.02607
45.54,0.02489
45.55,0.02218
45.56,0.02026
45.57,0.01996
45.58,0.02045
45.59,0.02053
45.6,0.01788
45.61,0.01372
45.62,0.01117
45.63,0.01106
45.64,0.01195
45.65,0.01241
45.66,0.01227
45.67,0.01191
45.68,0.01167
45.69,0.01164
45.7,0.01174
45.71,0.01189
45.72,0.0119
45.73,0.01263
45.74,0.01386
45.75,0.01367
45.76,0.01253
45.77,0.01171
45.78,0.01165
45.79,0.01193
45.8,0.01206
45.81,0.01189
45.82,0.01164
45.83,0.01132
45.84,0.00966
45.85,0.00614
45.86,0.00278
45.87,0.0013
45.88,0.00143
45.89,0.00181
45.9,0.00166
45.91,0.00119
45.92,0.00082
45.93,0.00066
45.94,0.00047
45.95,-0.00007
45.96,-0.00119
45.97,-0.00165
45.98,-0.00206
45.99,-0.00233
46,-0.00251
46.01,-0.00315
46.02,-0.00337
46.03,-0.00316
46.04,-0.00306
46.05,-0.00333
46.06,-0.00382
46.07,-0.00424
46.08,-0.00451
46.09,-0.00476
46.1,-0.00503
46.11,-0.00526
46.12,-0.00375
46.13,-0.00029
46.14,0.00111
46.15,-0.0005
46.16,-0.00191
46.17,-0.00134
46.18,0.00028
46.19,0.00155
46.2,0.00191
46.21,0.00133
46.22,0.00131
46.23,0.00189
46.24,0.00238
46.25,0.00216
46.26,-0.00027
46.27,-0.00376
46.28,-0.00653
46.29,-0.00746
46.3,-0.00718
46.31,-0.0068
46.32,-0.00677
46.33,-0.00689
46.34,-0.00693
46.35,-0.00679
46.36,-0.00672
46.37,-0.00677
46.38,-0.0068
46.39,-0.00673
46.4,-0.00675
46.41,-0.00749
46.42,-0.00855
46.43,-0.01113
46.44,-0.01375
46.45,-0.01554
46.46,-0.01618
46.47,-0.01611
46.48,-0.01595
46.49,-0.01595
46.5,-0.01604
46.51,-0.01608
46.52,-0.01607
46.53,-0.01604
46.54,-0.01604
46.55,-0.01606
46.56,-0.01607
46.57,-0.01607
46.58,-0.01582
46.59,-0.01511
46.6,-0.0151
46.61,-0.01387
46.62,-0.0103
46.63,-0.00714
46.64,-0.00615
46.65,-0.00667
46.66,-0.00725
46.67,-0.0073
46.68,-0.0071
46.69,-0.00697
46.7,-0.00675
46.71,-0.00507
46.72,-0.00159
46.73,0.00155
46.74,0.00272
46.75,0.0024
46.76,0.00188
46.77,0.00181
46.78,0.00201
46.79,0.00214
46.8,0.0021
46.81,0.00202
46.82,0.002
46.83,0.00202
46.84,0.00204
46.85,0.00203
46.86,0.00202
46.87,0.00199
46.88,0.00108
46.89,-0.00122
46.9,-0.00414
46.91,-0.00584
46.92,-0.00661
46.93,-0.00692
46.94,-0.00706
46.95,-0.00712
46.96,-0.00713
46.97,-0.00712
46.98,-0.00709
46.99,-0.007
47,-0.00698
47.01,-0.00705
47.02,-0.00713
47.03,-0.00716
47.04,-0.00721
47.05,-0.00727
47.06,-0.00725
47.07,-0.00717
47.08,-0.00713
47.09,-0.00762
47.1,-0.01044
47.11,-0.01361
47.12,-0.01248
47.13,-0.00872
47.14,-0.00629
47.15,-0.00623
47.16,-0.00701
47.17,-0.00732
47.18,-0.00709
47.19,-0.0068
47.2,-0.00674
47.21,-0.00678
47.22,-0.00543
47.23,-0.00184
47.24,0.00043
47.25,-0.00147
47.26,-0.00471
47.27,-0.00373
47.28,0.00008
47.29,0.00266
47.3,0.00271
47.31,0.00166
47.32,0.001
47.33,0.00101
47.34,0.00114
47.35,0.00107
47.36,0.00085
47.37,0.00063
47.38,0.00047
47.39,0.00038
47.4,0.00205
47.41,0.00585
47.42,0.00876
47.43,0.00932
47.44,0.00882
47.45,0.00881
47.46,0.00974
47.47,0.01276
47.48,0.01582
47.49,0.01698
47.5,0.01645
47.51,0.01553
47.52,0.01507
47.53,0.01502
47.54,0.01496
47.55,0.01461
47.56,0.01412
47.57,0.01374
47.58,0.01354
47.59,0.0128
47.6,0.00927
47.61,0.00491
47.62,0.00259
47.63,0.00251
47.64,0.003
47.65,0.0024
47.66,-0.00122
47.67,-0.00553
47.68,-0.0077
47.69,-0.00794
47.7,-0.00924
47.71,-0.01273
47.72,-0.01427
47.73,-0.01269
47.74,-0.01277
47.75,-0.015
47.76,-0.017
47.77,-0.01744
47.78,-0.01691
47.79,-0.01649
47.8,-0.01653
47.81,-0.01668
47.82,-0.01669
47.83,-0.01667
47.84,-0.01667
47.85,-0.0166
47.86,-0.01648
47.87,-0.01641
47.88,-0.0164
47.89,-0.01642
47.9,-0.01644
47.91,-0.01644
47.92,-0.01643
47.93,-0.01643
47.94,-0.01643
47.95,-0.01645
47.96,-0.01651
47.97,-0.01651
47.98,-0.01647
47.99,-0.01643
48,-0.01586
48.01,-0.01519
48.02,-0.01424
48.03,-0.01411
48.04,-0.01458
48.05,-0.01505
48.06,-0.01517
48.07,-0.01366
48.08,-0.01088
48.09,-0.00983
48.1,-0.01162
48.11,-0.01161
48.12,-0.00926
48.13,-0.00632
48.14,-0.00305
48.15,0.00007
48.16,0.00183
48.17,0.00212
48.18,0.00186
48.19,0.0021
48.2,0.00507
48.21,0.00921
48.22,0.01315
48.23,0.0172
48.24,0.01962
48.25,0.01959
48.26,0.01917
48.27,0.01944
48.28,0.02017
48.29,0.02135
48.3,0.02363
48.31,0.02699
48.32,0.02937
48.33,0.02991
48.34,0.02946
48.35,0.03006
48.36,0.03355
48.37,0.03747
48.38,0.03923
48.39,0.03895
48.4,0.03822
48.41,0.03803
48.42,0.03769
48.43,0.03629
48.44,0.03543
48.45,0.03509
48.46,0.03435
48.47,0.03285
48.48,0.03104
48.49,0.03036
48.5,0.03122
48.51,0.03252
48.52,0.033
48.53,0.03212
48.54,0.0304
48.55,0.02914
48.56,0.02885
48.57,0.02908
48.58,0.0293
48.59,0.02929
48.6,0.02765
48.61,0.02515
48.62,0.02569
48.63,0.02818
48.64,0.02994
48.65,0.02998
48.66,0.02935
48.67,0.02908
48.68,0.02923
48.69,0.0294
48.7,0.02936
48.71,0.02924
48.72,0.02935
48.73,0.02996
48.74,0.02981
48.75,0.02898
48.76,0.02822
48.77,0.02791
48.78,0.02783
48.79,0.02758
48.8,0.02715
48.81,0.02674
48.82,0.02642
48.83,0.026
48.84,0.02547
48.85,0.025
48.86,0.02442
48.87,0.02252
48.88,0.01917
48.89,0.01551
48.9,0.01334
48.91,0.01283
48.92,0.01291
48.93,0.01273
48.94,0.01225
48.95,0.01128
48.96,0.01033
48.97,0.00893
48.98,0.00722
48.99,0.00536
49,0.00315
49.01,0.00161
49.02,0.00115
49.03,0.00133
49.04,0.00152
49.05,0.00149
49.06,0.00131
49.07,0.00117
49.08,0.00094
49.09,-0.00122
49.1,-0.00518
49.11,-0.00808
49.12,-0.00866
49.13,-0.00789
49.14,-0.00725
49.15,-0.00728
49.16,-0.00755
49.17,-0.00788
49.18,-0.0101
49.19,-0.01403
49.2,-0.01689
49.21,-0.0175
49.22,-0.0169
49.23,-0.01646
49.24,-0.01807
49.25,-0.02223
49.26,-0.02574
49.27,-0.02675
49.28,-0.02656
49.29,-0.0287
49.3,-0.032
49.31,-0.03453
49.32,-0.03535
49.33,-0.03509
49.34,-0.03478
49.35,-0.03505
49.36,-0.03699
49.37,-0.04058
49.38,-0.04375
49.39,-0.04495
49.4,-0.04459
49.41,-0.04395
49.42,-0.04466
49.43,-0.04715
49.44,-0.05027
49.45,-0.052
49.46,-0.05268
49.47,-0.05305
49.48,-0.05315
49.49,-0.05239
49.5,-0.05112
49.51,-0.05046
49.52,-0.05008
49.53,-0.04919
49.54,-0.04777
49.55,-0.04623
49.56,-0.0455
49.57,-0.04568
49.58,-0.04615
49.59,-0.04644
49.6,-0.0465
49.61,-0.04494
49.62,-0.04117
49.63,-0.03653
49.64,-0.03182
49.65,-0.02916
49.66,-0.02858
49.67,-0.02684
49.68,-0.02332
49.69,-0.0206
49.7,-0.01892
49.71,-0.01599
49.72,-0.01112
49.73,-0.00561
49.74,-0.00342
49.75,-0.00436
49.76,-0.00488
49.77,-0.00412
49.78,-0.00319
49.79,-0.00211
49.8,0.00043
49.81,0.00375
49.82,0.00578
49.83,0.00596
49.84,0.0062
49.85,0.00887
49.86,0.01263
49.87,0.01469
49.88,0.01449
49.89,0.01353
49.9,0.01307
49.91,0.01385
49.92,0.01535
49.93,0.01723
49.94,0.01959
49.95,0.0214
49.96,0.02197
49.97,0.02161
49.98,0.02108
49.99,0.02077
50,0.02068
50.01,0.02063
50.02,0.02048
50.03,0.02032
50.04,0.02019
50.05,0.02013
50.06,0.02008
50.07,0.02001
50.08,0.01994
50.09,0.01928
50.1,0.01615
50.11,0.01261
50.12,0.01326
50.13,0.01706
50.14,0.01995
50.15,0.02029
50.16,0.0193
50.17,0.0181
50.18,0.01743
50.19,0.01675
50.2,0.01599
50.21,0.01526
50.22,0.01608
50.23,0.01804
50.24,0.01862
50.25,0.01569
50.26,0.01221
50.27,0.0109
50.28,0.0124
50.29,0.01336
50.3,0.01309
50.31,0.01398
50.32,0.01706
50.33,0.01993
50.34,0.02089
50.35,0.02056
50.36,0.02029
50.37,0.02058
50.38,0.02088
50.39,0.01952
50.4,0.01618
50.41,0.01319
50.42,0.01229
50.43,0.01287
50.44,0.01336
50.45,0.01188
50.46,0.00903
50.47,0.00651
50.48,0.00531
50.49,0.00535
50.5,0.00557
50.51,0.00399
50.52,0.00047
50.53,-0.00252
50.54,-0.00328
50.55,-0.00256
50.56,-0.0019
50.57,-0.00275
50.58,-0.00489
50.59,-0.00743
50.6,-0.01001
50.61,-0.01177
50.62,-0.01172
50.63,-0.01075
50.64,-0.01006
50.65,-0.00998
50.66,-0.01011
50.67,-0.01006
50.68,-0.00983
50.69,-0.00966
50.7,-0.00964
50.71,-0.00971
50.72,-0.00925
50.73,-0.00752
50.74,-0.00684
50.75,-0.00812
50.76,-0.00969
50.77,-0.01026
50.78,-0.01003
50.79,-0.00982
50.8,-0.01005
50.81,-0.0115
50.82,-0.01306
50.83,-0.01427
50.84,-0.01545
50.85,-0.01639
50.86,-0.0162
50.87,-0.01467
50.88,-0.0139
50.89,-0.0133
50.9,-0.01248
50.91,-0.01184
50.92,-0.0116
50.93,-0.01063
50.94,-0.00835
50.95,-0.00529
50.96,-0.00331
50.97,-0.00303
50.98,-0.00235
50.99,0.00101
51,0.00453
51.01,0.00598
51.02,0.00689
51.03,0.00947
51.04,0.01261
51.05,0.01431
51.06,0.01561
51.07,0.01829
51.08,0.02129
51.09,0.0226
51.1,0.02056
51.11,0.01779
51.12,0.01824
51.13,0.02111
51.14,0.02327
51.15,0.02501
51.16,0.02753
51.17,0.02963
51.18,0.03033
51.19,0.02995
51.2,0.02938
51.21,0.02932
51.22,0.03158
51.23,0.03559
51.24,0.03675
51.25,0.03308
51.26,0.02876
51.27,0.02709
51.28,0.02763
51.29,0.02841
51.3,0.02838
51.31,0.02788
51.32,0.02755
51.33,0.02634
51.34,0.02271
51.35,0.01902
51.36,0.01693
51.37,0.01402
51.38,0.01065
51.39,0.00753
51.4,0.00372
51.41,-0.00054
51.42,-0.00542
51.43,-0.00919
51.44,-0.01268
51.45,-0.01624
51.46,-0.02021
51.47,-0.02474
51.48,-0.02793
51.49,-0.03107
51.5,-0.03447
51.51,-0.03698
51.52,-0.03951
51.53,-0.04283
51.54,-0.04546
51.55,-0.04638
51.56,-0.04686
51.57,-0.04992
51.58,-0.05378
51.59,-0.05566
51.6,-0.05545
51.61,-0.05477
51.62,-0.05467
51.63,-0.05498
51.64,-0.05522
51.65,-0.05521
51.66,-0.0551
51.67,-0.05507
51.68,-0.05511
51.69,-0.05464
51.7,-0.05175
51.71,-0.0478
51.72,-0.04449
51.73,-0.04061
51.74,-0.03751
51.75,-0.03735
51.76,-0.03839
51.77,-0.03822
51.78,-0.03716
51.79,-0.03644
51.8,-0.03636
51.81,-0.03496
51.82,-0.03124
51.83,-0.02792
51.84,-0.02684
51.85,-0.02727
51.86,-0.02617
51.87,-0.02235
51.88,-0.01892
51.89,-0.01786
51.9,-0.01839
51.91,-0.01896
51.92,-0.019
51.93,-0.01863
51.94,-0.01652
51.95,-0.01261
51.96,-0.00958
51.97,-0.00879
51.98,-0.00937
51.99,-0.00929
52,-0.00672
52.01,-0.0027
52.02,-0.00015
52.03,0.00013
52.04,-0.00044
52.05,0.00066
52.06,0.00418
52.07,0.00774
52.08,0.00918
52.09,0.00857
52.1,0.00539
52.11,0.00314
52.12,0.00476
52.13,0.00776
52.14,0.0093
52.15,0.00904
52.16,0.00826
52.17,0.00741
52.18,0.00656
52.19,0.00659
52.2,0.00676
52.21,0.00637
52.22,0.00681
52.23,0.00777
52.24,0.00839
52.25,0.00763
52.26,0.00634
52.27,0.00656
52.28,0.00771
52.29,0.00847
52.3,0.00848
52.31,0.0091
52.32,0.01188
52.33,0.01557
52.34,0.0177
52.35,0.01782
52.36,0.01718
52.37,0.01699
52.38,0.01933
52.39,0.02374
52.4,0.02687
52.41,0.02744
52.42,0.0267
52.43,0.02623
52.44,0.02777
52.45,0.0318
52.46,0.03529
52.47,0.03631
52.48,0.03473
52.49,0.03212
52.5,0.03012
52.51,0.0282
52.52,0.02665
52.53,0.026
52.54,0.02612
52.55,0.02641
52.56,0.02649
52.57,0.0264
52.58,0.02631
52.59,0.02562
52.6,0.02242
52.61,0.01968
52.62,0.02146
52.63,0.02517
52.64,0.02659
52.65,0.0244
52.66,0.02101
52.67,0.01806
52.68,0.01668
52.69,0.01658
52.7,0.01683
52.71,0.01634
52.72,0.01575
52.73,0.01555
52.74,0.01319
52.75,0.00948
52.76,0.00712
52.77,0.0061
52.78,0.00477
52.79,0.00275
52.8,0.0007
52.81,-0.00091
52.82,-0.00166
52.83,-0.00192
52.84,-0.00325
52.85,-0.00703
52.86,-0.01074
52.87,-0.01222
52.88,-0.01196
52.89,-0.01146
52.9,-0.01144
52.91,-0.0117
52.92,-0.01199
52.93,-0.01324
52.94,-0.01546
52.95,-0.01736
52.96,-0.01734
52.97,-0.015
52.98,-0.01278
52.99,-0.01218
53,-0.01275
53.01,-0.01333
53.02,-0.01307
53.03,-0.01141
53.04,-0.00795
53.05,-0.00491
53.06,-0.00394
53.07,-0.00428
53.08,-0.00337
53.09,-0.00079
53.1,0.00009
53.11,0.00014
53.12,0.00149
53.13,0.00346
53.14,0.0056
53.15,0.00679
53.16,0.00738
53.17,0.00844
53.18,0.01051
53.19,0.01219
53.2,0.01263
53.21,0.01232
53.22,0.01208
53.23,0.0121
53.24,0.01203
53.25,0.01178
53.26,0.01156
53.27,0.0115
53.28,0.01152
53.29,0.0115
53.3,0.01148
53.31,0.01149
53.32,0.01145
53.33,0.01131
53.34,0.01118
53.35,0.01112
53.36,0.01113
53.37,0.01116
53.38,0.01181
53.39,0.0131
53.4,0.01499
53.41,0.01761
53.42,0.01977
53.43,0.02056
53.44,0.02037
53.45,0.02033
53.46,0.02278
53.47,0.0268
53.48,0.02937
53.49,0.02965
53.5,0.02892
53.51,0.02851
53.52,0.02864
53.53,0.03018
53.54,0.03386
53.55,0.03714
53.56,0.03818
53.57,0.03762
53.58,0.03691
53.59,0.0367
53.6,0.03676
53.61,0.03665
53.62,0.0367
53.63,0.03714
53.64,0.03693
53.65,0.03621
53.66,0.03557
53.67,0.03537
53.68,0.03502
53.69,0.03281
53.7,0.02886
53.71,0.0258
53.72,0.02565
53.73,0.02802
53.74,0.02849
53.75,0.02639
53.76,0.02349
53.77,0.02037
53.78,0.01739
53.79,0.01562
53.8,0.01523
53.81,0.01549
53.82,0.01576
53.83,0.01578
53.84,0.01561
53.85,0.01548
53.86,0.01507
53.87,0.01235
53.88,0.00836
53.89,0.00589
53.9,0.00564
53.91,0.00623
53.92,0.00529
53.93,0.00187
53.94,-0.00182
53.95,-0.00348
53.96,-0.00377
53.97,-0.00505
53.98,-0.00802
53.99,-0.01109
54,-0.01336
54.01,-0.01639
54.02,-0.01947
54.03,-0.02147
54.04,-0.02193
54.05,-0.02162
54.06,-0.0214
54.07,-0.02192
54.08,-0.02323
54.09,-0.02546
54.1,-0.02854
54.11,-0.0308
54.12,-0.03145
54.13,-0.03115
54.14,-0.03085
54.15,-0.03093
54.16,-0.03124
54.17,-0.03203
54.18,-0.03271
54.19,-0.03392
54.2,-0.03458
54.21,-0.03488
54.22,-0.0341
54.23,-0.03245
54.24,-0.03247
54.25,-0.03546
54.26,-0.03917
54.27,-0.04097
54.28,-0.04079
54.29,-0.0401
54.3,-0.03987
54.31,-0.04007
54.32,-0.04025
54.33,-0.04027
54.34,-0.04015
54.35,-0.04003
54.36,-0.03997
54.37,-0.03996
54.38,-0.03997
54.39,-0.03931
54.4,-0.03733
54.41,-0.03546
54.42,-0.03462
54.43,-0.03347
54.44,-0.03172
54.45,-0.03045
54.46,-0.03015
54.47,-0.03041
54.48,-0.03057
54.49,-0.03044
54.5,-0.03023
54.51,-0.02967
54.52,-0.02844
54.53,-0.02547
54.54,-0.02216
54.55,-0.02049
54.56,-0.02057
54.57,-0.02119
54.58,-0.02123
54.59,-0.02014
54.6,-0.01964
54.61,-0.01918
54.62,-0.01639
54.63,-0.01284
54.64,-0.01096
54.65,-0.01106
54.66,-0.0115
54.67,-0.01021
54.68,-0.00824
54.69,-0.00631
54.7,-0.00442
54.71,-0.00293
54.72,-0.00229
54.73,-0.00228
54.74,-0.00244
54.75,-0.00246
54.76,-0.00237
54.77,-0.00228
54.78,-0.00226
54.79,-0.00224
54.8,-0.00148
54.81,0.00062
54.82,0.00369
54.83,0.00614
54.84,0.00698
54.85,0.00673
54.86,0.00639
54.87,0.00642
54.88,0.00657
54.89,0.00663
54.9,0.00728
54.91,0.00855
54.92,0.00974
54.93,0.01076
54.94,0.01243
54.95,0.01427
54.96,0.01529
54.97,0.01541
54.98,0.01511
54.99,0.01494
55,0.01499
55.01,0.01506
55.02,0.01494
55.03,0.01473
55.04,0.01489
55.05,0.01556
55.06,0.01553
55.07,0.01488
55.08,0.01431
55.09,0.0136
55.1,0.01061
55.11,0.0079
55.12,0.00919
55.13,0.01163
55.14,0.01086
55.15,0.00728
55.16,0.00435
55.17,0.00365
55.18,0.0042
55.19,0.00461
55.2,0.00443
55.21,0.00404
55.22,0.00384
55.23,0.00386
55.24,0.00276
55.25,-0.00073
55.26,-0.00418
55.27,-0.00552
55.28,-0.00514
55.29,-0.00531
55.3,-0.00782
55.31,-0.01134
55.32,-0.01326
55.33,-0.01316
55.34,-0.01276
55.35,-0.01456
55.36,-0.01706
55.37,-0.01909
55.38,-0.02007
55.39,-0.02013
55.4,-0.01985
55.41,-0.01964
55.42,-0.01955
55.43,-0.01952
55.44,-0.0195
55.45,-0.01942
55.46,-0.01927
55.47,-0.0191
55.48,-0.019
55.49,-0.01897
55.5,-0.01891
55.51,-0.01879
55.52,-0.01871
55.53,-0.01864
55.54,-0.01853
55.55,-0.01832
55.56,-0.01759
55.57,-0.01668
55.58,-0.01596
55.59,-0.01598
55.6,-0.01692
55.61,-0.01698
55.62,-0.01517
55.63,-0.01275
55.64,-0.01165
55.65,-0.01088
55.66,-0.01017
55.67,-0.00964
55.68,-0.0094
55.69,-0.00933
55.7,-0.00926
55.71,-0.00849
55.72,-0.0055
55.73,-0.00215
55.74,-0.0006
55.75,-0.00078
55.76,-0.00136
55.77,-0.00146
55.78,-0.00065
55.79,0.00203
55.8,0.00512
55.81,0.0067
55.82,0.00669
55.83,0.00625
55.84,0.0074
55.85,0.01058
55.86,0.01323
55.87,0.01395
55.88,0.01464
55.89,0.01705
55.9,0.01944
55.91,0.02027
55.92,0.01984
55.93,0.01933
55.94,0.02037
55.95,0.02278
55.96,0.02497
55.97,0.02584
55.98,0.02559
55.99,0.02502
56,0.02469
56.01,0.02453
56.02,0.02445
56.03,0.02508
56.04,0.02565
56.05,0.02568
56.06,0.0258
56.07,0.02603
56.08,0.02564
56.09,0.02392
56.1,0.02171
56.11,0.02079
56.12,0.02107
56.13,0.0215
56.14,0.02143
56.15,0.02054
56.16,0.01876
56.17,0.01722
56.18,0.01661
56.19,0.01621
56.2,0.01494
56.21,0.01356
56.22,0.01415
56.23,0.01666
56.24,0.01703
56.25,0.01459
56.26,0.01216
56.27,0.01142
56.28,0.01185
56.29,0.01223
56.3,0.01211
56.31,0.01177
56.32,0.01156
56.33,0.01151
56.34,0.01147
56.35,0.01138
56.36,0.01124
56.37,0.01111
56.38,0.011
56.39,0.01017
56.4,0.00848
56.41,0.00739
56.42,0.00719
56.43,0.00694
56.44,0.00611
56.45,0.00501
56.46,0.00436
56.47,0.00429
56.48,0.00443
56.49,0.00447
56.5,0.00438
56.51,0.0043
56.52,0.00426
56.53,0.00423
56.54,0.00417
56.55,0.00411
56.56,0.00412
56.57,0.0041
56.58,0.004
56.59,0.00298
56.6,0.0007
56.61,-0.00033
56.62,0.00113
56.63,0.00332
56.64,0.00433
56.65,0.00409
56.66,0.00358
56.67,0.00342
56.68,0.00353
56.69,0.00365
56.7,0.00363
56.71,0.00351
56.72,0.00414
56.73,0.00534
56.74,0.00523
56.75,0.00399
56.76,0.00297
56.77,0.00276
56.78,0.00299
56.79,0.00313
56.8,0.00304
56.81,0.00289
56.82,0.0028
56.83,0.00278
56.84,0.00276
56.85,0.00272
56.86,0.00265
56.87,0.0026
56.88,0.00255
56.89,0.0025
56.9,0.00245
56.91,0.0024
56.92,0.00235
56.93,0.00257
56.94,0.00385
56.95,0.0056
56.96,0.00677
56.97,0.00697
56.98,0.0066
56.99,0.00625
57,0.00612
57.01,0.00608
57.02,0.006
57.03,0.00586
57.04,0.0057
57.05,0.00557
57.06,0.00546
57.07,0.00534
57.08,0.00521
57.09,0.00494
57.1,0.00419
57.11,0.0039
57.12,0.00455
57.13,0.00511
57.14,0.00492
57.15,0.00454
57.16,0.00449
57.17,0.00434
57.18,0.00403
57.19,0.00372
57.2,0.0037
57.21,0.00395
57.22,0.00473
57.23,0.00574
57.24,0.00516
57.25,0.00359
57.26,0.00245
57.27,0.00222
57.28,0.00239
57.29,0.00244
57.3,0.00225
57.31,0.00182
57.32,0.00096
57.33,0
57.34,-0.00059
57.35,-0.00056
57.36,-0.00034
57.37,-0.00053
57.38,-0.00081
57.39,-0.00126
57.4,-0.00191
57.41,-0.00237
57.42,-0.00252
57.43,-0.00249
57.44,-0.00249
57.45,-0.00255
57.46,-0.00263
57.47,-0.00269
57.48,-0.00272
57.49,-0.00276
57.5,-0.00279
57.51,-0.00282
57.52,-0.00286
57.53,-0.00295
57.54,-0.00304
57.55,-0.0031
57.56,-0.00315
57.57,-0.00319
57.58,-0.00323
57.59,-0.00336
57.6,-0.00416
57.61,-0.00498
57.62,-0.00468
57.63,-0.00382
57.64,-0.00347
57.65,-0.00386
57.66,-0.00454
57.67,-0.005
57.68,-0.00539
57.69,-0.00576
57.7,-0.00597
57.71,-0.00601
57.72,-0.00577
57.73,-0.00544
57.74,-0.00548
57.75,-0.00575
57.76,-0.00593
57.77,-0.00591
57.78,-0.0058
57.79,-0.00573
57.8,-0.00578
57.81,-0.00606
57.82,-0.00645
57.83,-0.00687
57.84,-0.00714
57.85,-0.00726
57.86,-0.00737
57.87,-0.00765
57.88,-0.0081
57.89,-0.00844
57.9,-0.00848
57.91,-0.00842
57.92,-0.00863
57.93,-0.00905
57.94,-0.00926
57.95,-0.00913
57.96,-0.00884
57.97,-0.00858
57.98,-0.0084
57.99,-0.00826
58,-0.00809
58.01,-0.00789
58.02,-0.00769
58.03,-0.00751
58.04,-0.00733
58.05,-0.00714
58.06,-0.00695
58.07,-0.00676
58.08,-0.00657
58.09,-0.00642
58.1,-0.00651
58.11,-0.00656
58.12,-0.00622
58.13,-0.00574
58.14,-0.0054
58.15,-0.00516
58.16,-0.00484
58.17,-0.00442
58.18,-0.00405
58.19,-0.00384
58.2,-0.00374
58.21,-0.00366
58.22,-0.0034
58.23,-0.00295
58.24,-0.00263
58.25,-0.00266
58.26,-0.00278
58.27,-0.00271
58.28,-0.00244
58.29,-0.0022
58.3,-0.00209
58.31,-0.00206
58.32,-0.00205
58.33,-0.00202
58.34,-0.00193
58.35,-0.00183
58.36,-0.00174
58.37,-0.0017
58.38,-0.00177
58.39,-0.00179
58.4,-0.00171
58.41,-0.00154
58.42,-0.00138
58.43,-0.00129
58.44,-0.00125
58.45,-0.00122
58.46,-0.00117
58.47,-0.00111
58.48,-0.00105
58.49,-0.001
58.5,-0.00094
58.51,-0.00083
58.52,-0.00069
58.53,-0.00056
58.54,-0.00049
58.55,-0.00047
58.56,-0.00046
58.57,-0.00043
58.58,-0.0004
58.59,-0.00037
58.6,-0.00035
58.61,-0.00033
58.62,-0.00026
58.63,-0.00015
58.64,-0.00007
58.65,-0.00003
58.66,-0.00004
58.67,-0.00004
58.68,-0.00003
58.69,-0.00002
58.7,0.00001
58.71,0.00008
58.72,0.00015
58.73,0.00018
58.74,0.00017
58.75,0.00015
58.76,0.00015
58.77,0.00015
58.78,0.00015
58.79,0.00016
58.8,0.00017
58.81,0.00021
58.82,0.00025
58.83,0.00026
58.84,0.00025
58.85,0.00024
58.86,0.00023
58.87,0.00023
58.88,0.00023
58.89,0.00024
58.9,0.00024
58.91,0.00026
58.92,0.00026
58.93,0.00027
58.94,0.00026
58.95,0.00026
58.96,0.00025
58.97,0.00025
58.98,0.00025
58.99,0.00025
59,0.00026
59.01,0.00026
59.02,0.00026
59.03,0.00026
59.04,0.00026
59.05,0.00026
59.06,0.00026
59.07,0.00026
59.08,0.00026
59.09,0.00026
59.1,0.00025
59.11,0.00025
59.12,0.00025
59.13,0.00025
59.14,0.00026
59.15,0.00026
59.16,0.00027
59.17,0.00027
59.18,0.00028
59.19,0.00028
59.2,0.00029
59.21,0.00029
59.22,0.0003
59.23,0.0003
59.24,0.00031
59.25,0.00031
59.26,0.00031
59.27,0.00031
59.28,0.00032
59.29,0.00032
59.3,0.00033
59.31,0.00034
59.32,0.00034
59.33,0.00034
59.34,0.00035
59.35,0.00035
59.36,0.00036
59.37,0.00036
59.38,0.00037
59.39,0.00037
59.4,0.00037
59.41,0.00038
59.42,0.00038
59.43,0.00038
59.44,0.00039
59.45,0.00039
59.46,0.00039
59.47,0.00039
59.48,0.0004
59.49,0.0004
59.5,0.0004
59.51,0.0004
59.52,0.0004
59.53,0.00041
59.54,0.00041
59.55,0.00041
59.56,0.00041
59.57,0.00041
59.58,0.00041
59.59,0.00041
59.6,0.00041
59.61,0.00041
59.62,0.00041
59.63,0.00041
59.64,0.00041
59.65,0.00041
59.66,0.00041
59.67,0.00041
59.68,0.00041
59.69,0.00041
59.7,0.00041
59.71,0.0004
59.72,0.0004
59.73,0.0004
59.74,0.0004
59.75,0.0004
59.76,0.00039
59.77,0.00039
59.78,0.00039
59.79,0.00039
59.8,0.00038
59.81,0.00038
59.82,0.00038
59.83,0.00038
59.84,0.00037
59.85,0.00037
59.86,0.00036
59.87,0.00036
59.88,0.00036
59.89,0.00035
59.9,0.00035
59.91,0.00034
59.92,0.00034
59.93,0.00034
59.94,0.00033
59.95,0.00033
59.96,0.00032
59.97,0.00032
